['Device', 'tps', 'kB_read/s', 'kB_wrtn/s', 'kB_read', 'kB_wrtn'],P.Read,Power const.,P.Write,P.Idle,%idle,Idle const,Total Power
sda,11.49,248.32,8988.59,1331881,48210997,312.9,1.26,11325.6,1075.9,89.66,0.6,12714.4
sda,0,0,0,0,0,0,1.26,0,1149.2,95.77,0.6,0
sda,145,18436,0,18436,0,23229.4,1.26,0,1050.7,87.56,0.6,23229.4
sda,517,66176,0,66176,0,83381.8,1.26,0,863.2,71.93,0.6,83381.8
sda,516,66048,0,66048,0,83220.5,1.26,0,864.5,72.04,0.6,83220.5
sda,162,18176,408,18176,408,22901.8,1.26,514.1,711.5,59.29,0.6,23415.8
sda,109,11904,552,11904,552,14999,1.26,695.5,669.0,55.75,0.6,15694.6
sda,107,11648,552,11648,552,14676.5,1.26,695.5,675.7,56.31,0.6,15372
sda,108,11520,528,11520,528,14515.2,1.26,665.3,670.7,55.89,0.6,15180.5
sda,108,11776,528,11776,528,14837.8,1.26,665.3,658.9,54.91,0.6,15503
sda,107,11392,540,11392,540,14353.9,1.26,680.4,681.4,56.78,0.6,15034.3
sda,101,10240,928,10240,928,12902.4,1.26,1169.3,655.1,54.59,0.6,14071.7
sda,107,11392,896,11392,896,14353.9,1.26,1129,660.4,55.03,0.6,15482.9
sda,112,12032,800,12032,800,15160.3,1.26,1008,657.2,54.77,0.6,16168.3
sda,109,11520,816,11520,816,14515.2,1.26,1028.2,669.4,55.78,0.6,15543.4
sda,102,10880,924,10880,924,13708.8,1.26,1164.2,645.7,53.81,0.6,14873
sda,114,12288,864,12288,864,15482.9,1.26,1088.6,652.1,54.34,0.6,16571.5
sda,107,11264,1028,11264,1028,14192.6,1.26,1295.3,622.3,51.86,0.6,15487.9
sda,114,12416,1296,12416,1296,15644.2,1.26,1633,648.7,54.06,0.6,17277.1
sda,120,13056,1552,13056,1552,16450.6,1.26,1955.5,666.4,55.53,0.6,18406.1
sda,101,11136,1560,11136,1560,14031.4,1.26,1965.6,637.9,53.16,0.6,15997
sda,115,12416,1568,12416,1568,15644.2,1.26,1975.7,655.3,54.61,0.6,17619.8
sda,123,11776,1196,11776,1196,14837.8,1.26,1507,685.3,57.11,0.6,16344.7
sda,118,11904,1700,11904,1700,14999,1.26,2142,684.8,57.07,0.6,17141
sda,114,9600,1816,9600,1816,12096,1.26,2288.2,630.5,52.54,0.6,14384.2
sda,108,11904,1796,11904,1796,14999,1.26,2263,640.6,53.38,0.6,17262
sda,120,13056,2844,13056,2844,16450.6,1.26,3583.4,684.8,57.07,0.6,20034
sda,109,11264,2320,11264,2320,14192.6,1.26,2923.2,654.8,54.57,0.6,17115.8
sda,113,12672,2832,12672,2832,15966.7,1.26,3568.3,654.2,54.52,0.6,19535
sda,108,11392,2312,11392,2312,14353.9,1.26,2913.1,669.7,55.81,0.6,17267
sda,112,11904,2388,11904,2388,14999,1.26,3008.9,691.7,57.64,0.6,18007.9
sda,114,12160,2904,12160,2904,15321.6,1.26,3659,665.0,55.42,0.6,18980.6
sda,114,12288,2464,12288,2464,15482.9,1.26,3104.6,671.4,55.95,0.6,18587.5
sda,117,12672,3084,12672,3084,15966.7,1.26,3885.8,686.6,57.22,0.6,19852.6
sda,114,11520,2352,11520,2352,14515.2,1.26,2963.5,656.4,54.7,0.6,17478.7
sda,100,11648,5320,11648,5320,14676.5,1.26,6703.2,642.5,53.54,0.6,21379.7
sda,108,11392,4392,11392,4392,14353.9,1.26,5533.9,639.2,53.27,0.6,19887.8
sda,108,11264,4372,11264,4372,14192.6,1.26,5508.7,635.2,52.93,0.6,19701.4
sda,106,11264,5380,11264,5380,14192.6,1.26,6778.8,623.9,51.99,0.6,20971.4
sda,103,10880,4392,10880,4392,13708.8,1.26,5533.9,642.0,53.5,0.6,19242.7
sda,110,11136,3420,11136,3420,14031.4,1.26,4309.2,667.3,55.61,0.6,18340.6
sda,91,10496,5420,10496,5420,13225,1.26,6829.2,658.9,54.91,0.6,20054.2
sda,94,9600,3572,9600,3572,12096,1.26,4500.7,637.9,53.16,0.6,16596.7
sda,96,9856,5372,9856,5372,12418.6,1.26,6768.7,655.1,54.59,0.6,19187.3
sda,97,10112,3844,10112,3844,12741.1,1.26,4843.4,630.1,52.51,0.6,17584.6
sda,108,11136,5352,11136,5352,14031.4,1.26,6743.5,667.0,55.58,0.6,20774.9
sda,79,8960,8368,8960,8368,11289.6,1.26,10543.7,644.3,53.69,0.6,21833.3
sda,91,8832,8448,8832,8448,11128.3,1.26,10644.5,631.7,52.64,0.6,21772.8
sda,84,8064,4352,8064,4352,10160.6,1.26,5483.5,621.4,51.78,0.6,15644.2
sda,80,8832,10408,8832,10408,11128.3,1.26,13114.1,643.6,53.63,0.6,24242.4
sda,93,9216,6416,9216,6416,11612.2,1.26,8084.2,615.1,51.26,0.6,19696.3
sda,82,8320,8424,8320,8424,10483.2,1.26,10614.2,627.2,52.27,0.6,21097.4
sda,99,10112,6472,10112,6472,12741.1,1.26,8154.7,659.5,54.96,0.6,20895.8
sda,82,9088,8488,9088,8488,11450.9,1.26,10694.9,657.8,54.82,0.6,22145.8
sda,79,8192,6364,8192,6364,10321.9,1.26,8018.6,640.6,53.38,0.6,18340.6
sda,88,9088,6608,9088,6608,11450.9,1.26,8326.1,676.2,56.35,0.6,19777
sda,83,9472,10920,9472,10920,11934.7,1.26,13759.2,677.5,56.46,0.6,25693.9
sda,88,8960,6404,8960,6404,11289.6,1.26,8069,633.1,52.76,0.6,19358.6
sda,87,9088,5344,9088,5344,11450.9,1.26,6733.4,621.2,51.77,0.6,18184.3
sda,89,9728,12436,9728,12436,12257.3,1.26,15669.4,624.1,52.01,0.6,27926.6
sda,79,7936,12516,7936,12516,9999.4,1.26,15770.2,636.6,53.05,0.6,25769.5
sda,81,8448,8420,8448,8420,10644.5,1.26,10609.2,642.6,53.55,0.6,21253.7
sda,73,8832,12428,8832,12428,11128.3,1.26,15659.3,657.6,54.8,0.6,26787.6
sda,78,7424,12552,7424,12552,9354.2,1.26,15815.5,664.0,55.33,0.6,25169.8
sda,73,8320,16528,8320,16528,10483.2,1.26,20825.3,671.4,55.95,0.6,31308.5
sda,80,8448,12500,8448,12500,10644.5,1.26,15750,642.2,53.52,0.6,26394.5
sda,47,5504,8356,5504,8356,6935,1.26,10528.6,657.0,54.75,0.6,17463.6
sda,91,8448,8476,8448,8476,10644.5,1.26,10679.8,633.5,52.79,0.6,21324.2
sda,73,8192,12524,8192,12524,10321.9,1.26,15780.2,642.5,53.54,0.6,26102.2
sda,81,8704,12596,8704,12596,10967,1.26,15871,698.8,58.23,0.6,26838
sda,76,8192,12484,8192,12484,10321.9,1.26,15729.8,638.2,53.18,0.6,26051.8
sda,73,8576,12680,8576,12680,10805.8,1.26,15976.8,650.4,54.2,0.6,26782.6
sda,80,8320,12528,8320,12528,10483.2,1.26,15785.3,645.2,53.77,0.6,26268.5
sda,71,8448,12916,8448,12916,10644.5,1.26,16274.2,669.0,55.75,0.6,26918.6
sda,79,8064,12508,8064,12508,10160.6,1.26,15760.1,640.2,53.35,0.6,25920.7
sda,87,9344,9452,9344,9452,11773.4,1.26,11909.5,642.5,53.54,0.6,23683
sda,72,8192,14456,8192,14456,10321.9,1.26,18214.6,652.7,54.39,0.6,28536.5
sda,72,7168,16580,7168,16580,9031.7,1.26,20890.8,636.4,53.03,0.6,29922.5
sda,65,7808,16496,7808,16496,9838.1,1.26,20785,658.9,54.91,0.6,30623
sda,62.38,5956.44,16427.72,6016,16592,7505.1,1.26,20698.9,627.2,52.27,0.6,28204
sda,69,7936,20584,7936,20584,9999.4,1.26,25935.8,725.4,60.45,0.6,35935.2
sda,56,4864,12500,4864,12500,6128.6,1.26,15750,667.0,55.58,0.6,21878.6
sda,76,7808,20616,7808,20616,9838.1,1.26,25976.2,669.7,55.81,0.6,35814.2
sda,69,5888,12544,5888,12544,7418.9,1.26,15805.4,654.6,54.55,0.6,23224.3
sda,46,4992,24664,4992,24664,6289.9,1.26,31076.6,661.2,55.1,0.6,37366.6
sda,80,7552,16624,7552,16624,9515.5,1.26,20946.2,619.7,51.64,0.6,30461.8
sda,49,5120,24676,5120,24676,6451.2,1.26,31091.8,675.0,56.25,0.6,37543
sda,58,6272,16516,6272,16516,7902.7,1.26,20810.2,649.9,54.16,0.6,28712.9
sda,72,7040,16576,7040,16576,8870.4,1.26,20885.8,686.6,57.22,0.6,29756.2
sda,59,6272,24720,6272,24720,7902.7,1.26,31147.2,699.5,58.29,0.6,39049.9
sda,71,6528,16596,6528,16596,8225.3,1.26,20911,583.3,48.61,0.6,29136.2
sda,69,8064,16616,8064,16616,10160.6,1.26,20936.2,652.9,54.41,0.6,31096.8
sda,68,5760,20724,5760,20724,7257.6,1.26,26112.2,597.0,49.75,0.6,33369.8
sda,63,6912,20832,6912,20832,8709.1,1.26,26248.3,643.6,53.63,0.6,34957.4
sda,68,6144,16612,6144,16612,7741.4,1.26,20931.1,631.6,52.63,0.6,28672.6
sda,75,8320,21108,8320,21108,10483.2,1.26,26596.1,691.0,57.58,0.6,37079.3
sda,64,5888,20668,5888,20668,7418.9,1.26,26041.7,673.7,56.14,0.6,33460.6
sda,62,6784,17512,6784,17512,8547.8,1.26,22065.1,643.8,53.65,0.6,30613
sda,75,7552,16576,7552,16576,9515.5,1.26,20885.8,686.6,57.22,0.6,30401.3
sda,52,5376,24664,5376,24664,6773.8,1.26,31076.6,624.1,52.01,0.6,37850.4
sda,79,7424,18636,7424,18636,9354.2,1.26,23481.4,606.0,50.5,0.6,32835.6
sda,49,4864,24680,4864,24680,6128.6,1.26,31096.8,606.1,50.51,0.6,37225.4
sda,77,8064,20624,8064,20624,10160.6,1.26,25986.2,651.2,54.27,0.6,36146.9
sda,78,6912,20648,6912,20648,8709.1,1.26,26016.5,683.2,56.93,0.6,34725.6
sda,61,5504,24656,5504,24656,6935,1.26,31066.6,717.6,59.8,0.6,38001.6
sda,78,5248,20660,5248,20660,6612.5,1.26,26031.6,665.0,55.42,0.6,32644.1
sda,69,3328,32812,3328,32812,4193.3,1.26,41343.1,650.6,54.22,0.6,45536.4
sda,85,5248,32840,5248,32840,6612.5,1.26,41378.4,716.4,59.7,0.6,47990.9
sda,74,5248,16584,5248,16584,6612.5,1.26,20895.8,656.2,54.68,0.6,27508.3
sda,95,7040,32840,7040,32840,8870.4,1.26,41378.4,774.7,64.56,0.6,50248.8
sda,89,5888,32852,5888,32852,7418.9,1.26,41393.5,707.2,58.93,0.6,48812.4
sda,107,7168,32964,7168,32964,9031.7,1.26,41534.6,589.4,49.12,0.6,50566.3
sda,71,6272,16484,6272,16484,7902.7,1.26,20769.8,625.8,52.15,0.6,28672.6
sda,62,2944,32812,2944,32812,3709.4,1.26,41343.1,695.6,57.97,0.6,45052.6
sda,87,5120,32916,5120,32916,6451.2,1.26,41474.2,647.5,53.96,0.6,47925.4
sda,70,5888,16512,5888,16512,7418.9,1.26,20805.1,642.5,53.54,0.6,28224
sda,71,3840,32872,3840,32872,4838.4,1.26,41418.7,691.7,57.64,0.6,46257.1
sda,76,3456,32892,3456,32892,4354.6,1.26,41443.9,727.8,60.65,0.6,45798.5
sda,73,6272,16528,6272,16528,7902.7,1.26,20825.3,706.6,58.88,0.6,28728
sda,65,3200,32820,3200,32820,4032,1.26,41353.2,696.0,58,0.6,45385.2
sda,90,5888,32940,5888,32940,7418.9,1.26,41504.4,763.7,63.64,0.6,48923.3
sda,112,9856,26816,9856,26816,12418.6,1.26,33788.2,718.8,59.9,0.6,46206.7
sda,60,4608,22660,4608,22660,5806.1,1.26,28551.6,668.3,55.69,0.6,34357.7
sda,66,4224,32912,4224,32912,5322.2,1.26,41469.1,703.1,58.59,0.6,46791.4
sda,69,6400,24916,6400,24916,8064,1.26,31394.2,750.0,62.5,0.6,39458.2
sda,82,6400,29456,6400,29456,8064,1.26,37114.6,790.8,65.9,0.6,45178.6
sda,56,3840,39672,3840,39672,4838.4,1.26,49986.7,802.0,66.83,0.6,54825.1
sda,68,5632,33360,5632,33360,7096.3,1.26,42033.6,787.1,65.59,0.6,49129.9
sda,63,4992,21420,4992,21420,6289.9,1.26,26989.2,664.3,55.36,0.6,33279.1
sda,55,4864,32832,4864,32832,6128.6,1.26,41368.3,785.8,65.48,0.6,47497
sda,50,4224,33856,4224,33856,5322.2,1.26,42658.6,786.8,65.57,0.6,47980.8
sda,68,5504,24752,5504,24752,6935,1.26,31187.5,679.3,56.61,0.6,38122.6
sda,49,4736,24640,4736,24640,5967.4,1.26,31046.4,677.5,56.46,0.6,37013.8
sda,48,3840,34880,3840,34880,4838.4,1.26,43948.8,732.5,61.04,0.6,48787.2
sda,63,5248,27428,5248,27428,6612.5,1.26,34559.3,738.7,61.56,0.6,41171.8
sda,40,3968,21952,3968,21952,4999.7,1.26,27659.5,669.0,55.75,0.6,32659.2
sda,46,3840,36912,3840,36912,4838.4,1.26,46509.1,707.3,58.94,0.6,51347.5
sda,71,5760,24772,5760,24772,7257.6,1.26,31212.7,735.7,61.31,0.6,38470.3
sda,50,4608,24640,4608,24640,5806.1,1.26,31046.4,783.1,65.26,0.6,36852.5
sda,45,3328,38864,3328,38864,4193.3,1.26,48968.6,751.9,62.66,0.6,53161.9
sda,75,7296,18736,7296,18736,9193,1.26,23607.4,683.5,56.96,0.6,32800.3
sda,43,4224,32832,4224,32832,5322.2,1.26,41368.3,746.2,62.18,0.6,46690.6
sda,39,3840,35532,3840,35532,4838.4,1.26,44770.3,770.5,64.21,0.6,49608.7
sda,74,5376,30320,5376,30320,6773.8,1.26,38203.2,644.3,53.69,0.6,44977
sda,15,1024,49176,1024,49176,1290.2,1.26,61961.8,597.0,49.75,0.6,63252
sda,34,3712,32836,3712,32836,4677.1,1.26,41373.4,584.9,48.74,0.6,46050.5
sda,48,5120,36912,5120,36912,6451.2,1.26,46509.1,772.7,64.39,0.6,52960.3
sda,56,4352,28964,4352,28964,5483.5,1.26,36494.6,761.4,63.45,0.6,41978.2
sda,24,2432,49180,2432,49180,3064.3,1.26,61966.8,592.4,49.37,0.6,65031.1
sda,27,2560,49184,2560,49184,3225.6,1.26,61971.8,748.1,62.34,0.6,65197.4
sda,43,4736,32960,4736,32960,5967.4,1.26,41529.6,701.3,58.44,0.6,47497
sda,40,3712,32936,3712,32936,4677.1,1.26,41499.4,763.7,63.64,0.6,46176.5
sda,46,3968,41068,3968,41068,4999.7,1.26,51745.7,757.6,63.13,0.6,56745.4
sda,24,2432,40992,2432,40992,3064.3,1.26,51649.9,723.7,60.31,0.6,54714.2
sda,45,4864,41284,4864,41284,6128.6,1.26,52017.8,709.1,59.09,0.6,58146.5
sda,24,2304,41004,2304,41004,2903,1.26,51665,673.0,56.08,0.6,54568.1
sda,54,4352,32980,4352,32980,5483.5,1.26,41554.8,668.4,55.7,0.6,47038.3
sda,32,3328,40996,3328,40996,4193.3,1.26,51655,594.0,49.5,0.6,55848.2
sda,48,5248,33344,5248,33344,6612.5,1.26,42013.4,618.2,51.52,0.6,48625.9
sda,18,1408,49168,1408,49168,1774.1,1.26,61951.7,726.6,60.55,0.6,63725.8
sda,58,5376,32944,5376,32944,6773.8,1.26,41509.4,724.2,60.35,0.6,48283.2
sda,29,3072,41016,3072,41016,3870.7,1.26,51680.2,750.7,62.56,0.6,55550.9
sda,46,4992,33852,4992,33852,6289.9,1.26,42653.5,660.6,55.05,0.6,48943.4
sda,27,2816,40980,2816,40980,3548.2,1.26,51634.8,636.4,53.03,0.6,55183
sda,52,4864,24748,4864,24748,6128.6,1.26,31182.5,724.8,60.4,0.6,37311.1
sda,29,2688,49176,2688,49176,3386.9,1.26,61961.8,687.5,57.29,0.6,65348.6
sda,29,2944,40992,2944,40992,3709.4,1.26,51649.9,670.1,55.84,0.6,55359.4
sda,52,5888,34880,5888,34880,7418.9,1.26,43948.8,741.2,61.77,0.6,51367.7
sda,19,1664,40976,1664,40976,2096.6,1.26,51629.8,631.7,52.64,0.6,53726.4
sda,58,5504,24760,5504,24760,6935,1.26,31197.6,586.6,48.88,0.6,38132.6
sda,23,1920,40996,1920,40996,2419.2,1.26,51655,593.9,49.49,0.6,54074.2
sda,26,2560,32788,2560,32788,3225.6,1.26,41312.9,671.8,55.98,0.6,44538.5
sda,43,4736,20544,4736,20544,5967.4,1.26,25885.4,741.7,61.81,0.6,31852.8
sda,23,1792,49180,1792,49180,2257.9,1.26,61966.8,682.2,56.85,0.6,64224.7
sda,58,5504,24744,5504,24744,6935,1.26,31177.4,688.3,57.36,0.6,38112.5
sda,17,1280,40996,1280,40996,1612.8,1.26,51655,589.4,49.12,0.6,53267.8
sda,24,2432,32788,2432,32788,3064.3,1.26,41312.9,588.0,49,0.6,44377.2
sda,42,4736,32832,4736,32832,5967.4,1.26,41368.3,715.2,59.6,0.6,47335.7
sda,30,3072,41008,3072,41008,3870.7,1.26,51670.1,616.6,51.38,0.6,55540.8
sda,60,5504,32932,5504,32932,6935,1.26,41494.3,615.1,51.26,0.6,48429.4
sda,39,3840,49184,3840,49184,4838.4,1.26,61971.8,637.6,53.13,0.6,66810.2
sda,29,2688,32800,2688,32800,3386.9,1.26,41328,662.3,55.19,0.6,44714.9
sda,48,5376,32816,5376,32816,6773.8,1.26,41348.2,631.6,52.63,0.6,48121.9
sda,54,4736,32940,4736,32940,5967.4,1.26,41504.4,635.2,52.93,0.6,47471.8
sda,36,2816,52512,2816,52512,3548.2,1.26,66165.1,854.5,71.21,0.6,69713.3
sda,33,2176,54024,2176,54024,2741.8,1.26,68070.2,650.8,54.23,0.6,70812
sda,39,3456,40992,3456,40992,4354.6,1.26,51649.9,670.1,55.84,0.6,56004.5
sda,15,0,49152,0,49152,0,1.26,61931.5,858.5,71.54,0.6,61931.5
sda,56,5888,31424,5888,31424,7418.9,1.26,39594.2,665.0,55.42,0.6,47013.1
sda,34,2176,50640,2176,50640,2741.8,1.26,63806.4,633.1,52.76,0.6,66548.2
sda,18,256,49164,256,49164,322.6,1.26,61946.6,830.5,69.21,0.6,62269.2
sda,71,6528,34308,6528,34308,8225.3,1.26,43228.1,741.0,61.75,0.6,51453.4
sda,24,2048,49852,2048,49852,2580.5,1.26,62813.5,819.1,68.26,0.6,65394
sda,24,2048,47168,2048,47168,2580.5,1.26,59431.7,808.1,67.34,0.6,62012.2
sda,19,1280,57344,1280,57344,1612.8,1.26,72253.4,586.4,48.87,0.6,73866.2
sda,62,6784,32960,6784,32960,8547.8,1.26,41529.6,780.7,65.06,0.6,50077.4
sda,31,2816,59376,2816,59376,3548.2,1.26,74813.8,750.4,62.53,0.6,78361.9
sda,17,1152,47196,1152,47196,1451.5,1.26,59467,677.5,56.46,0.6,60918.5
sda,82,6656,27892,6656,27892,8386.6,1.26,35143.9,776.9,64.74,0.6,43530.5
sda,23,2048,55768,2048,55768,2580.5,1.26,70267.7,805.1,67.09,0.6,72848.2
sda,16,1024,48092,1024,48092,1290.2,1.26,60595.9,786.0,65.5,0.6,61886.2
sda,23,2176,51588,2176,51588,2741.8,1.26,65000.9,703.2,58.6,0.6,67742.6
sda,58,6528,31772,6528,31772,8225.3,1.26,40032.7,746.6,62.22,0.6,48258
sda,26,1536,50792,1536,50792,1935.4,1.26,63997.9,760.1,63.34,0.6,65933.3
sda,8,0,62848,0,62848,0,1.26,79188.5,623.9,51.99,0.6,79188.5
sda,85,7296,18020,7296,18020,9193,1.26,22705.2,692.2,57.68,0.6,31898.2
sda,29,2688,55896,2688,55896,3386.9,1.26,70429,793.0,66.08,0.6,73815.8
sda,7,0,57472,0,57472,0,1.26,72414.7,794.9,66.24,0.6,72414.7
sda,35,3456,51616,3456,51616,4354.6,1.26,65036.2,651.5,54.29,0.6,69390.7
sda,52,5760,32000,5760,32000,7257.6,1.26,40320,697.8,58.15,0.6,47577.6
sda,24,2176,52112,2176,52112,2741.8,1.26,65661.1,800.0,66.67,0.6,68402.9
sda,8,0,61504,0,61504,0,1.26,77495,837.0,69.75,0.6,77495
sda,75,7040,24696,7040,24696,8870.4,1.26,31117,687.5,57.29,0.6,39987.4
sda,24,2176,50520,2176,50520,2741.8,1.26,63655.2,788.0,65.67,0.6,66397
sda,8,0,56128,0,56128,0,1.26,70721.3,793.0,66.08,0.6,70721.3
sda,35,3840,42212,3840,42212,4838.4,1.26,53187.1,606.1,50.51,0.6,58025.5
sda,63,7168,33856,7168,33856,9031.7,1.26,42658.6,714.6,59.55,0.6,51690.2
sda,12,512,56144,512,56144,645.1,1.26,70741.4,839.4,69.95,0.6,71386.6
sda,23,2048,60992,2048,60992,2580.5,1.26,76849.9,866.2,72.18,0.6,79430.4
sda,77,7296,19016,7296,19016,9193,1.26,23960.2,796.9,66.41,0.6,33153.1
sda,29,2944,51320,2944,51320,3709.4,1.26,64663.2,656.2,54.68,0.6,68372.6
sda,7,0,60992,0,60992,0,1.26,76849.9,861.8,71.82,0.6,76849.9
sda,37,3968,46752,3968,46752,4999.7,1.26,58907.5,706.8,58.9,0.6,63907.2
sda,50,5632,25484,5632,25484,7096.3,1.26,32109.8,723.0,60.25,0.6,39206.2
sda,16,1152,60992,1152,60992,1451.5,1.26,76849.9,880.2,73.35,0.6,78301.4
sda,27,2688,46736,2688,46736,3386.9,1.26,58887.4,621.5,51.79,0.6,62274.2
sda,98,10112,28936,10112,28936,12741.1,1.26,36459.4,674.0,56.17,0.6,49200.5
sda,6,0,56000,0,56000,0,1.26,70560,768.6,64.05,0.6,70560
sda,28,2688,55768,2688,55768,3386.9,1.26,70267.7,586.6,48.88,0.6,73654.6
sda,47,5376,38176,5376,38176,6773.8,1.26,48101.8,606.1,50.51,0.6,54875.5
sda,34,3584,45472,3584,45472,4515.8,1.26,57294.7,645.2,53.77,0.6,61810.6
sda,39,4224,51616,4224,51616,5322.2,1.26,65036.2,818.0,68.17,0.6,70358.4
sda,29,2944,46736,2944,46736,3709.4,1.26,58887.4,667.3,55.61,0.6,62596.8
sda,36,3584,32868,3584,32868,4515.8,1.26,41413.7,744.0,62,0.6,45929.5
sda,52,4864,42392,4864,42392,6128.6,1.26,53413.9,784.9,65.41,0.6,59542.6
sda,30,2944,48792,2944,48792,3709.4,1.26,61477.9,834.2,69.52,0.6,65187.4
sda,50,5376,46752,5376,46752,6773.8,1.26,58907.5,779.9,64.99,0.6,65681.3
sda,7,0,56960,0,56960,0,1.26,71769.6,727.9,60.66,0.6,71769.6
sda,74,8832,26240,8832,26240,11128.3,1.26,33062.4,824.3,68.69,0.6,44190.7
sda,32,3072,56144,3072,56144,3870.7,1.26,70741.4,820.0,68.33,0.6,74612.2
sda,6,0,54272,0,54272,0,1.26,68382.7,795.0,66.25,0.6,68382.7
sda,89,9088,25156,9088,25156,11450.9,1.26,31696.6,787.9,65.66,0.6,43147.4
sda,27,2432,56568,2432,56568,3064.3,1.26,71275.7,693.5,57.79,0.6,74340
sda,10,256,54128,256,54128,322.6,1.26,68201.3,698.8,58.23,0.6,68523.8
sda,47,5248,51600,5248,51600,6612.5,1.26,65016,838.2,69.85,0.6,71628.5
sda,55,6272,30400,6272,30400,7902.7,1.26,38304,742.7,61.89,0.6,46206.7
sda,28,2816,51584,2816,51584,3548.2,1.26,64995.8,864.5,72.04,0.6,68544
sda,32,3072,56144,3072,56144,3870.7,1.26,70741.4,790.0,65.83,0.6,74612.2
sda,90,8960,23564,8960,23564,11289.6,1.26,29690.6,714.0,59.5,0.6,40980.2
sda,44,512,48392,512,48392,645.1,1.26,60973.9,729.1,60.76,0.6,61619
sda,15,0,54656,0,54656,0,1.26,68866.6,883.2,73.6,0.6,68866.6
sda,55,3456,46256,3456,46256,4354.6,1.26,58282.6,775.8,64.65,0.6,62637.1
sda,10,0,69728,0,69728,0,1.26,87857.3,662.6,55.22,0.6,87857.3
sda,34,256,46560,256,46560,322.6,1.26,58665.6,721.2,60.1,0.6,58988.2
sda,56,6400,41536,6400,41536,8064,1.26,52335.4,649.1,54.09,0.6,60399.4
sda,26,128,71904,128,71904,161.3,1.26,90599,639.6,53.3,0.6,90760.3
sda,91,9472,17792,9472,17792,11934.7,1.26,22417.9,759.0,63.25,0.6,34352.6
sda,18,1280,60320,1280,60320,1612.8,1.26,76003.2,648.2,54.02,0.6,77616
sda,27,256,57120,256,57120,322.6,1.26,71971.2,719.4,59.95,0.6,72293.8
sda,46,3712,46420,3712,46420,4677.1,1.26,58489.2,628.9,52.41,0.6,63166.3
sda,21,0,75264,0,75264,0,1.26,94832.6,583.3,48.61,0.6,94832.6
sda,68,4992,23200,4992,23200,6289.9,1.26,29232,793.0,66.08,0.6,35521.9
sda,88,7296,34908,7296,34908,9193,1.26,43984.1,707.3,58.94,0.6,53177
sda,7,0,64864,0,64864,0,1.26,81728.6,713.9,59.49,0.6,81728.6
sda,42,1792,53628,1792,53628,2257.9,1.26,67571.3,583.3,48.61,0.6,69829.2
sda,8,0,67200,0,67200,0,1.26,84672,631.7,52.64,0.6,84672
sda,22,2176,41728,2176,41728,2741.8,1.26,52577.3,792.0,66,0.6,55319
sda,58,4480,51744,4480,51744,5644.8,1.26,65197.4,574.4,47.87,0.6,70842.2
sda,7,0,65856,0,65856,0,1.26,82978.6,580.3,48.36,0.6,82978.6
sda,97,9728,27104,9728,27104,12257.3,1.26,34151,680.9,56.74,0.6,46408.3
sda,12,256,66528,256,66528,322.6,1.26,83825.3,665.3,55.44,0.6,84147.8
sda,9,256,51124,256,51124,322.6,1.26,64416.2,592.4,49.37,0.6,64738.8
sda,50,3584,51744,3584,51744,4515.8,1.26,65197.4,587.9,48.99,0.6,69713.3
sda,7,0,65856,0,65856,0,1.26,82978.6,597.0,49.75,0.6,82978.6
sda,122,11520,23340,11520,23340,14515.2,1.26,29408.4,697.0,58.08,0.6,43923.6
sda,13,256,52512,256,52512,322.6,1.26,66165.1,808.2,67.35,0.6,66487.7
sda,11,256,69044,256,69044,322.6,1.26,86995.4,849.0,70.75,0.6,87318
sda,44,3328,45700,3328,45700,4193.3,1.26,57582,683.6,56.97,0.6,61775.3
sda,7,0,65856,0,65856,0,1.26,82978.6,868.9,72.41,0.6,82978.6
sda,70,6528,41056,6528,41056,8225.3,1.26,51730.6,673.3,56.11,0.6,59955.8
sda,9,256,52416,256,52416,322.6,1.26,66044.2,824.0,68.67,0.6,66366.7
sda,10,256,57168,256,57168,322.6,1.26,72031.7,800.0,66.67,0.6,72354.2
sda,80,7572,25168,7572,25168,9540.7,1.26,31711.7,640.8,53.4,0.6,41252.4
sda,8,0,67872,0,67872,0,1.26,85518.7,581.8,48.48,0.6,85518.7
sda,30,1048,51144,1048,51144,1320.5,1.26,64441.4,456.8,38.07,0.6,65761.9
sda,11,0,61152,0,61152,0,1.26,77051.5,501.2,41.77,0.6,77051.5
sda,11,264,57164,264,57164,332.6,1.26,72026.6,543.5,45.29,0.6,72359.3
sda,59,3920,196,3920,196,4939.2,1.26,247,580.3,48.36,0.6,5186.2
sda,27,520,55872,520,55872,655.2,1.26,70398.7,775.9,64.66,0.6,71053.9
sda,6.93,0,66344.55,0,67008,0,1.26,83594.1,872.8,72.73,0.6,83594.1
sda,48,3148,40484,3148,40484,3966.5,1.26,51009.8,646.4,53.87,0.6,54976.3
sda,7,0,69888,0,69888,0,1.26,88058.9,877.2,73.1,0.6,88058.9
sda,72,6656,38424,6656,38424,8386.6,1.26,48414.2,746.6,62.22,0.6,56800.8
sda,12,256,55104,256,55104,322.6,1.26,69431,584.9,48.74,0.6,69753.6
sda,11,256,66572,256,66572,322.6,1.26,83880.7,669.4,55.78,0.6,84203.3
sda,98,10240,25428,10240,25428,12902.4,1.26,32039.3,691.7,57.64,0.6,44941.7
sda,8,0,67872,0,67872,0,1.26,85518.7,876.6,73.05,0.6,85518.7
sda,54,4480,47764,4480,47764,5644.8,1.26,60182.6,754.2,62.85,0.6,65827.4
sda,13,256,55128,256,55128,322.6,1.26,69461.3,570.2,47.52,0.6,69783.8
sda,12,256,66860,256,66860,322.6,1.26,84243.6,586.3,48.86,0.6,84566.2
sda,135,12160,14484,12160,14484,15321.6,1.26,18249.8,707.3,58.94,0.6,33571.4
sda,24,256,34912,256,34912,322.6,1.26,43989.1,877.2,73.1,0.6,44311.7
sda,8,0,67552,0,67552,0,1.26,85115.5,829.2,69.1,0.6,85115.5
sda,68,4096,50008,4096,50008,5161,1.26,63010.1,607.4,50.62,0.6,68171
sda,10,0,67200,0,67200,0,1.26,84672,576.0,48,0.6,84672
sda,82,7680,43744,7680,43744,9676.8,1.26,55117.4,609.1,50.76,0.6,64794.2
sda,23,256,49728,256,49728,322.6,1.26,62657.3,584.8,48.73,0.6,62979.8
sda,10,256,65900,256,65900,322.6,1.26,83034,597.0,49.75,0.6,83356.6
sda,113,11008,21908,11008,21908,13870.1,1.26,27604.1,689.6,57.47,0.6,41474.2
sda,18,128,63168,128,63168,161.3,1.26,79591.7,888.6,74.05,0.6,79753
sda,44,4480,49776,4480,49776,5644.8,1.26,62717.8,771.0,64.25,0.6,68362.6
sda,38,256,62496,256,62496,322.6,1.26,78745,801.0,66.75,0.6,79067.5
sda,6,0,56448,0,56448,0,1.26,71124.5,720.6,60.05,0.6,71124.5
sda,127,11648,23944,11648,23944,14676.5,1.26,30169.4,727.8,60.65,0.6,44845.9
sda,24,0,61620,0,61620,0,1.26,77641.2,865.8,72.15,0.6,77641.2
sda,8,256,55348,256,55348,322.6,1.26,69738.5,862.0,71.83,0.6,70061
sda,67,3712,57124,3712,57124,4677.1,1.26,71976.2,806.2,67.18,0.6,76653.4
sda,8,0,65184,0,65184,0,1.26,82131.8,840.0,70,0.6,82131.8
sda,99,8832,39040,8832,39040,11128.3,1.26,49190.4,767.5,63.96,0.6,60318.7
sda,14,128,54432,128,54432,161.3,1.26,68584.3,883.2,73.6,0.6,68745.6
sda,31,3200,46436,3200,46436,4032,1.26,58509.4,789.8,65.82,0.6,62541.4
sda,126,11264,41728,11264,41728,14192.6,1.26,52577.3,785.9,65.49,0.6,66769.9
sda,11,0,63840,0,63840,0,1.26,80438.4,867.5,72.29,0.6,80438.4
sda,51,2304,47828,2304,47828,2903,1.26,60263.3,692.0,57.67,0.6,63166.3
sda,18,128,43008,128,43008,161.3,1.26,54190.1,584.9,48.74,0.6,54351.4
sda,26,316,67968,316,67968,398.2,1.26,85639.7,592.3,49.36,0.6,86037.8
sda,126,9856,8248,9856,8248,12418.6,1.26,10392.5,728.5,60.71,0.6,22811
sda,27,256,39616,256,39616,322.6,1.26,49916.2,577.7,48.14,0.6,50238.7
sda,12,0,69024,0,69024,0,1.26,86970.2,592.4,49.37,0.6,86970.2
sda,68,4352,49336,4352,49336,5483.5,1.26,62163.4,622.9,51.91,0.6,67646.9
sda,11,256,45696,256,45696,322.6,1.26,57577,581.8,48.48,0.6,57899.5
sda,30,2944,51140,2944,51140,3709.4,1.26,64436.4,592.4,49.37,0.6,68145.8
sda,88,6784,46368,6784,46368,8547.8,1.26,58423.7,781.8,65.15,0.6,66971.5
sda,12,0,69216,0,69216,0,1.26,87212.2,844.8,70.4,0.6,87212.2
sda,126,14976,19816,14976,19816,18869.8,1.26,24968.2,696.2,58.02,0.6,43837.9
sda,47,1152,56448,1152,56448,1451.5,1.26,71124.5,819.2,68.27,0.6,72576
sda,11,128,68544,128,68544,161.3,1.26,86365.4,874.1,72.84,0.6,86526.7
sda,77,5248,52464,5248,52464,6612.5,1.26,66104.6,758.6,63.22,0.6,72717.1
sda,11,0,60480,0,60480,0,1.26,76204.8,622.7,51.89,0.6,76204.8
sda,84,8064,24768,8064,24768,10160.6,1.26,31207.7,656.2,54.68,0.6,41368.3
sda,70,5632,38180,5632,38180,7096.3,1.26,48106.8,621.0,51.75,0.6,55203.1
sda,12,0,59360,0,59360,0,1.26,74793.6,715.2,59.6,0.6,74793.6
sda,54,4352,47704,4352,47704,5483.5,1.26,60107,706.6,58.88,0.6,65590.6
sda,19,256,40992,256,40992,322.6,1.26,51649.9,592.3,49.36,0.6,51972.5
sda,10,0,71904,0,71904,0,1.26,90599,589.3,49.11,0.6,90599
sda,105,10752,26272,10752,26272,13547.5,1.26,33102.7,600.0,50,0.6,46650.2
sda,18,128,55104,128,55104,161.3,1.26,69431,581.9,48.49,0.6,69592.3
sda,29,2688,53824,2688,53824,3386.9,1.26,67818.2,600.0,50,0.6,71205.1
sda,140,13696,34432,13696,34432,17257,1.26,43384.3,730.3,60.86,0.6,60641.3
sda,17,128,58464,128,58464,161.3,1.26,73664.6,700.0,58.33,0.6,73825.9
sda,54,5376,49904,5376,49904,6773.8,1.26,62879,766.9,63.91,0.6,69652.8
sda,31,256,51744,256,51744,322.6,1.26,65197.4,643.6,53.63,0.6,65520
sda,10,0,71904,0,71904,0,1.26,90599,579.1,48.26,0.6,90599
sda,125,13440,13792,13440,13792,16934.4,1.26,17377.9,645.2,53.77,0.6,34312.3
sda,23,256,64864,256,64864,322.6,1.26,81728.6,773.8,64.48,0.6,82051.2
sda,10,256,56692,256,56692,322.6,1.26,71431.9,823.1,68.59,0.6,71754.5
sda,56,4352,46372,4352,46372,5483.5,1.26,58428.7,690.5,57.54,0.6,63912.2
sda,10,0,69216,0,69216,0,1.26,87212.2,826.1,68.84,0.6,87212.2
sda,104,10880,42016,10880,42016,13708.8,1.26,52940.2,669.0,55.75,0.6,66649
sda,14,256,44352,256,44352,322.6,1.26,55883.5,639.0,53.25,0.6,56206.1
sda,11,256,61196,256,61196,322.6,1.26,77107,743.2,61.93,0.6,77429.5
sda,100,11136,16436,11136,16436,14031.4,1.26,20709.4,682.2,56.85,0.6,34740.7
sda,65,4992,56448,4992,56448,6289.9,1.26,71124.5,715.2,59.6,0.6,77414.4
sda,9,0,68544,0,68544,0,1.26,86365.4,873.6,72.8,0.6,86365.4
sda,63,5376,35908,5376,35908,6773.8,1.26,45244.1,623.0,51.92,0.6,52017.8
sda,13,0,67200,0,67200,0,1.26,84672,576.1,48.01,0.6,84672
sda,80,7936,34476,7936,34476,9999.4,1.26,43439.8,631.7,52.64,0.6,53439.1
sda,123,11520,33300,11520,33300,14515.2,1.26,41958,624.0,52,0.6,56473.2
sda,13,0,66144,0,66144,0,1.26,83341.4,577.6,48.13,0.6,83341.4
sda,13,0,64192,0,64192,0,1.26,80881.9,581.9,48.49,0.6,80881.9
sda,18,256,56672,256,56672,322.6,1.26,71406.7,586.3,48.86,0.6,71729.3
sda,19,768,46492,768,46492,967.7,1.26,58579.9,622.8,51.9,0.6,59547.6
sda,57,4352,51520,4352,51520,5483.5,1.26,64915.2,577.2,48.1,0.6,70398.7
sda,13,128,70232,128,70232,161.3,1.26,88492.3,578.9,48.24,0.6,88653.6
sda,17,0,58408,0,58408,0,1.26,73594.1,577.2,48.1,0.6,73594.1
sda,19,256,53500,256,53500,322.6,1.26,67410,640.8,53.4,0.6,67732.6
sda,126,12032,38040,12032,38040,15160.3,1.26,47930.4,721.8,60.15,0.6,63090.7
sda,27,128,63160,128,63160,161.3,1.26,79581.6,872.2,72.68,0.6,79742.9
sda,36,256,45728,256,45728,322.6,1.26,57617.3,876.6,73.05,0.6,57939.8
sda,17,256,63840,256,63840,322.6,1.26,80438.4,872.2,72.68,0.6,80761
sda,18,0,47712,0,47712,0,1.26,60117.1,878.8,73.23,0.6,60117.1
sda,107,12544,32352,12544,32352,15805.4,1.26,40763.5,749.6,62.47,0.6,56569
sda,79,4992,57496,4992,57496,6289.9,1.26,72445,646.8,53.9,0.6,78734.9
sda,8,0,63876,0,63876,0,1.26,80483.8,695.2,57.93,0.6,80483.8
sda,16,0,60480,0,60480,0,1.26,76204.8,573.0,47.75,0.6,76204.8
sda,21,256,57156,256,57156,322.6,1.26,72016.6,796.9,66.41,0.6,72339.1
sda,51,3456,46100,3456,46100,4354.6,1.26,58086,744.4,62.03,0.6,62440.6
sda,25,0,49664,0,49664,0,1.26,62576.6,714.5,59.54,0.6,62576.6
sda,7,0,61824,0,61824,0,1.26,77898.2,722.4,60.2,0.6,77898.2
sda,17,256,57120,256,57120,322.6,1.26,71971.2,853.3,71.11,0.6,72293.8
sda,23,0,68544,0,68544,0,1.26,86365.4,876.0,73,0.6,86365.4
sda,190,19968,12044,19968,12044,25159.7,1.26,15175.4,664.3,55.36,0.6,40335.1
sda,19,256,40464,256,40464,322.6,1.26,50984.6,678.4,56.53,0.6,51307.2
sda,11,0,75744,0,75744,0,1.26,95437.4,579.1,48.26,0.6,95437.4
sda,6,0,57344,0,57344,0,1.26,72253.4,586.2,48.85,0.6,72253.4
sda,7,128,57344,128,57344,161.3,1.26,72253.4,860.6,71.72,0.6,72414.7
sda,67,5120,45440,5120,45440,6451.2,1.26,57254.4,718.8,59.9,0.6,63705.6
sda,16,128,68544,128,68544,161.3,1.26,86365.4,635.2,52.93,0.6,86526.7
sda,9,0,63340,0,63340,0,1.26,79808.4,661.0,55.08,0.6,79808.4
sda,9,0,65360,0,65360,0,1.26,82353.6,583.4,48.62,0.6,82353.6
sda,19,1536,41396,1536,41396,1935.4,1.26,52159,809.2,67.43,0.6,54094.3
sda,139,12032,28468,12032,28468,15160.3,1.26,35869.7,814.2,67.85,0.6,51030
sda,32,128,61684,128,61684,161.3,1.26,77721.8,707.3,58.94,0.6,77883.1
sda,16,128,48576,128,48576,161.3,1.26,61205.8,562.2,46.85,0.6,61367
sda,7,128,56448,128,56448,161.3,1.26,71124.5,294.0,24.5,0.6,71285.8
sda,11,128,67064,128,67064,161.3,1.26,84500.6,337.3,28.11,0.6,84661.9
sda,157,14756,9716,14756,9716,18592.6,1.26,12242.2,595.4,49.62,0.6,30834.7
sda,31,256,61664,256,61664,322.6,1.26,77696.6,730.9,60.91,0.6,78019.2
sda,7,0,60480,0,60480,0,1.26,76204.8,881.8,73.48,0.6,76204.8
sda,7,0,65856,0,65856,0,1.26,82978.6,878.8,73.23,0.6,82978.6
sda,9,0,64736,0,64736,0,1.26,81567.4,868.9,72.41,0.6,81567.4
sda,70,5632,35360,5632,35360,7096.3,1.26,44553.6,587.8,48.98,0.6,51649.9
sda,12,0,63648,0,63648,0,1.26,80196.5,830.3,69.19,0.6,80196.5
sda,9,0,67788,0,67788,0,1.26,85412.9,842.2,70.18,0.6,85412.9
sda,8,0,64432,0,64432,0,1.26,81184.3,834.0,69.5,0.6,81184.3
sda,90,9216,31108,9216,31108,11612.2,1.26,39196.1,756.5,63.04,0.6,50808.2
sda,97,9088,31092,9088,31092,11450.9,1.26,39175.9,576.2,48.02,0.6,50626.8
sda,14,0,71712,0,71712,0,1.26,90357.1,590.9,49.24,0.6,90357.1
sda,6,0,57344,0,57344,0,1.26,72253.4,593.9,49.49,0.6,72253.4
sda,7,0,65536,0,65536,0,1.26,82575.4,589.4,49.12,0.6,82575.4
sda,60,5120,57116,5120,57116,6451.2,1.26,71966.2,571.7,47.64,0.6,78417.4
sda,16,256,51168,256,51168,322.6,1.26,64471.7,661.7,55.14,0.6,64794.2
sda,10,0,62032,0,62032,0,1.26,78160.3,705.0,58.75,0.6,78160.3
sda,8,0,64372,0,64372,0,1.26,81108.7,587.9,48.99,0.6,81108.7
sda,14,256,64424,256,64424,322.6,1.26,81174.2,703.1,58.59,0.6,81496.8
sda,122,12672,21808,12672,21808,15966.7,1.26,27478.1,651.5,54.29,0.6,43444.8
sda,29,128,59132,128,59132,161.3,1.26,74506.3,592.4,49.37,0.6,74667.6
sda,8,128,54436,128,54436,161.3,1.26,68589.4,707.9,58.99,0.6,68750.6
sda,7,0,66528,0,66528,0,1.26,83825.3,877.4,73.12,0.6,83825.3
sda,10,128,60292,128,60292,161.3,1.26,75967.9,871.3,72.61,0.6,76129.2
sda,166,18304,25156,18304,25156,23063,1.26,31696.6,655.7,54.64,0.6,54759.6
sda,23,256,53876,256,53876,322.6,1.26,67883.8,705.2,58.77,0.6,68206.3
sda,7,0,60480,0,60480,0,1.26,76204.8,881.2,73.43,0.6,76204.8
sda,7,0,65856,0,65856,0,1.26,82978.6,687.8,57.32,0.6,82978.6
sda,10,256,57380,256,57380,322.6,1.26,72298.8,600.0,50,0.6,72621.4
sda,75,5632,48228,5632,48228,7096.3,1.26,60767.3,686.6,57.22,0.6,67863.6
sda,8,0,51508,0,51508,0,1.26,64900.1,872.8,72.73,0.6,64900.1
sda,8,0,75264,0,75264,0,1.26,94832.6,854.2,71.18,0.6,94832.6
sda,7,0,64512,0,64512,0,1.26,81285.1,720.6,60.05,0.6,81285.1
sda,50,3776,22808,3776,22808,4757.8,1.26,28738.1,527.3,43.94,0.6,33495.8
sda,84,3740,27380,3740,27380,4712.4,1.26,34498.8,401.0,33.42,0.6,39211.2
sda,15,256,59360,256,59360,322.6,1.26,74793.6,480.6,40.05,0.6,75116.2
sda,7,0,66208,0,66208,0,1.26,83422.1,577.4,48.12,0.6,83422.1
sda,7,0,66880,0,66880,0,1.26,84268.8,751.1,62.59,0.6,84268.8
sda,17,540,42488,540,42488,680.4,1.26,53534.9,581.8,48.48,0.6,54215.3
sda,62,2844,61440,2844,61440,3583.4,1.26,77414.4,319.0,26.58,0.6,80997.8
sda,9,0,65176,0,65176,0,1.26,82121.8,447.4,37.28,0.6,82121.8
sda,8,0,63220,0,63220,0,1.26,79657.2,580.7,48.39,0.6,79657.2
sda,7,256,43780,256,43780,322.6,1.26,55162.8,589.3,49.11,0.6,55485.4
sda,80,6640,29252,6640,29252,8366.4,1.26,36857.5,515.2,42.93,0.6,45223.9
sda,49,1064,38880,1064,38880,1340.6,1.26,48988.8,301.6,25.13,0.6,50329.4
sda,10,0,60800,0,60800,0,1.26,76608,292.4,24.37,0.6,76608
sda,7,68,55104,68,55104,85.7,1.26,69431,294.0,24.5,0.6,69516.7
sda,7,0,65184,0,65184,0,1.26,82131.8,288.7,24.06,0.6,82131.8
sda,23,1316,42600,1316,42600,1658.2,1.26,53676,343.3,28.61,0.6,55334.2
sda,140,7280,2232,7280,2232,9172.8,1.26,2812.3,316.8,26.4,0.6,11985.1
sda,39,200,51540,200,51540,252,1.26,64940.4,452.6,37.72,0.6,65192.4
sda,8,0,58968,0,58968,0,1.26,74299.7,581.9,48.49,0.6,74299.7
sda,8,128,55780,128,55780,161.3,1.26,70282.8,296.3,24.69,0.6,70444.1
sda,8,0,73920,0,73920,0,1.26,93139.2,293.2,24.43,0.6,93139.2
sda,54,3520,26704,3520,26704,4435.2,1.26,33647,307.6,25.63,0.6,38082.2
sda,21,0,62784,0,62784,0,1.26,79107.8,290.2,24.18,0.6,79107.8
sda,7,0,60096,0,60096,0,1.26,75721,290.9,24.24,0.6,75721
sda,7,0,64128,0,64128,0,1.26,80801.3,291.6,24.3,0.6,80801.3
sda,9,256,62648,256,62648,322.6,1.26,78936.5,291.6,24.3,0.6,79259
sda,105,6748,6624,6748,6624,8502.5,1.26,8346.2,400.0,33.33,0.6,16848.7
sda,77,4740,33504,4740,33504,5972.4,1.26,42215,195.5,16.29,0.6,48187.4
sda,15,80,59412,80,59412,100.8,1.26,74859.1,0.0,0,0.6,74959.9
sda,7,0,64864,0,64864,0,1.26,81728.6,0.0,0,0.6,81728.6
sda,7,0,66880,0,66880,0,1.26,84268.8,179.3,14.94,0.6,84268.8
sda,27,780,37708,780,37708,982.8,1.26,47512.1,226.6,18.88,0.6,48494.9
sda,56,2640,38480,2640,38480,3326.4,1.26,48484.8,59.5,4.96,0.6,51811.2
sda,14,124,53856,124,53856,156.2,1.26,67858.6,93.2,7.77,0.6,68014.8
sda,7,0,59696,0,59696,0,1.26,75217,0.0,0,0.6,75217
sda,10,132,54296,132,54296,166.3,1.26,68413,0.0,0,0.6,68579.3
sda,12,16,56824,16,56824,20.2,1.26,71598.2,0.0,0,0.6,71618.4
sda,104,4472,912,4472,912,5634.7,1.26,1149.1,150.0,12.5,0.6,6783.8
sda,90,1852,34472,1852,34472,2333.5,1.26,43434.7,209.5,17.46,0.6,45768.2
sda,24,380,59032,380,59032,478.8,1.26,74380.3,257.2,21.43,0.6,74859.1
sda,7,0,65184,0,65184,0,1.26,82131.8,282.4,23.53,0.6,82131.8
sda,6,0,56448,0,56448,0,1.26,71124.5,83.8,6.98,0.6,71124.5
sda,24,364,48628,364,48628,458.6,1.26,61271.3,0.0,0,0.6,61729.9
sda,115,5816,1880,5816,1880,7328.2,1.26,2368.8,205.1,17.09,0.6,9697
sda,129.7,3065.35,27699.01,3096,27976,3862.3,1.26,34900.8,156.4,13.03,0.6,38763.1
sda,11,256,50400,256,50400,322.6,1.26,63504,299.3,24.94,0.6,63826.6
sda,10,92,64760,92,64760,115.9,1.26,81597.6,340.7,28.39,0.6,81713.5
sda,7,0,51560,0,51560,0,1.26,64965.6,569.6,47.47,0.6,64965.6
sda,12,256,64028,256,64028,322.6,1.26,80675.3,603.0,50.25,0.6,80997.8
sda,80,3548,39648,3548,39648,4470.5,1.26,49956.5,385.8,32.15,0.6,54427
sda,22,80,51836,80,51836,100.8,1.26,65313.4,556.6,46.38,0.6,65414.2
sda,7,0,65184,0,65184,0,1.26,82131.8,580.3,48.36,0.6,82131.8
sda,6,0,56448,0,56448,0,1.26,71124.5,595.4,49.62,0.6,71124.5
sda,17,444,53956,444,53956,559.4,1.26,67984.6,504.0,42,0.6,68544
sda,106,4252,1448,4252,1448,5357.5,1.26,1824.5,145.1,12.09,0.6,7182
sda,121,4072,9448,4072,9448,5130.7,1.26,11904.5,227.9,18.99,0.6,17035.2
sda,26,256,42388,256,42388,322.6,1.26,53408.9,75.4,6.28,0.6,53731.4
sda,13,140,49152,140,49152,176.4,1.26,61931.5,42.7,3.56,0.6,62107.9
sda,8,256,66208,256,66208,322.6,1.26,83422.1,0.0,0,0.6,83744.6
sda,6,0,57344,0,57344,0,1.26,72253.4,0.0,0,0.6,72253.4
sda,61,2668,47308,2668,47308,3361.7,1.26,59608.1,139.4,11.62,0.6,62969.8
sda,21,0,56064,0,56064,0,1.26,70640.6,673.7,56.14,0.6,70640.6
sda,8,0,54528,0,54528,0,1.26,68705.3,282.4,23.53,0.6,68705.3
sda,9,272,56736,272,56736,342.7,1.26,71487.4,224.8,18.73,0.6,71830.1
sda,7,0,55236,0,55236,0,1.26,69597.4,0.0,0,0.6,69597.4
sda,42,1304,31704,1304,31704,1643,1.26,39947,184.0,15.33,0.6,41590.1
sda,150,5096,8724,5096,8724,6421,1.26,10992.2,259.9,21.66,0.6,17413.2
sda,19,0,47680,0,47680,0,1.26,60076.8,290.9,24.24,0.6,60076.8
sda,13,284,62592,284,62592,357.8,1.26,78865.9,302.3,25.19,0.6,79223.8
sda,6,0,55776,0,55776,0,1.26,70277.8,296.3,24.69,0.6,70277.8
sda,7,0,66528,0,66528,0,1.26,83825.3,292.6,24.38,0.6,83825.3
sda,61,3476,21716,3476,21716,4379.8,1.26,27362.2,369.5,30.79,0.6,31741.9
sda,77,3888,2516,3888,2516,4898.9,1.26,3170.2,222.0,18.5,0.6,8069
sda,53,528,41076,528,41076,665.3,1.26,51755.8,73.1,6.09,0.6,52421
sda,12,260,49152,260,49152,327.6,1.26,61931.5,0.0,0,0.6,62259.1
sda,8,0,74592,0,74592,0,1.26,93985.9,39.1,3.26,0.6,93985.9
sda,6,0,57120,0,57120,0,1.26,71971.2,0.0,0,0.6,71971.2
sda,26,1056,40456,1056,40456,1330.6,1.26,50974.6,109.7,9.14,0.6,52305.1
sda,50,1040,41488,1040,41488,1310.4,1.26,52274.9,375.0,31.25,0.6,53585.3
sda,11,0,58688,0,58688,0,1.26,73946.9,487.2,40.6,0.6,73946.9
sda,7,4,56544,4,56544,5,1.26,71245.4,381.8,31.82,0.6,71250.5
sda,8,256,56856,256,56856,322.6,1.26,71638.6,584.9,48.74,0.6,71961.1
sda,15,320,49144,320,49144,403.2,1.26,61921.4,406.0,33.83,0.6,62324.6
sda,123,9612,304,9612,304,12111.1,1.26,383,410.9,34.24,0.6,12494.2
sda,77,4736,58044,4736,58044,5967.4,1.26,73135.4,618.1,51.51,0.6,79102.8
sda,11,0,64064,0,64064,0,1.26,80720.6,578.8,48.23,0.6,80720.6
sda,7,0,65536,0,65536,0,1.26,82575.4,578.9,48.24,0.6,82575.4
sda,8,264,56672,264,56672,332.6,1.26,71406.7,697.0,58.08,0.6,71739.4
sda,111,6016,34376,6016,34376,7580.2,1.26,43313.8,671.4,55.95,0.6,50893.9
sda,23,128,60736,128,60736,161.3,1.26,76527.4,769.9,64.16,0.6,76688.6
sda,9,128,53760,128,53760,161.3,1.26,67737.6,843.4,70.28,0.6,67898.9
sda,7,0,65856,0,65856,0,1.26,82978.6,876.6,73.05,0.6,82978.6
sda,7,128,56448,128,56448,161.3,1.26,71124.5,790.9,65.91,0.6,71285.8
sda,125,9200,25452,9200,25452,11592,1.26,32069.5,597.0,49.75,0.6,43661.5
sda,20,128,38016,128,38016,161.3,1.26,47900.2,695.2,57.93,0.6,48061.4
sda,11,0,59808,0,59808,0,1.26,75358.1,583.6,48.63,0.6,75358.1
sda,7,0,65856,0,65856,0,1.26,82978.6,578.9,48.24,0.6,82978.6
sda,7,0,65856,0,65856,0,1.26,82978.6,581.9,48.49,0.6,82978.6
sda,55,5716,16388,5716,16388,7202.2,1.26,20648.9,577.2,48.1,0.6,27851
sda,97,6760,20624,6760,20624,8517.6,1.26,25986.2,377.9,31.49,0.6,34503.8
sda,24,128,56768,128,56768,161.3,1.26,71527.7,366.7,30.56,0.6,71689
sda,10,256,49728,256,49728,322.6,1.26,62657.3,561.8,46.82,0.6,62979.8
sda,7,0,66528,0,66528,0,1.26,83825.3,575.9,47.99,0.6,83825.3
sda,7,128,56448,128,56448,161.3,1.26,71124.5,587.8,48.98,0.6,71285.8
sda,43,2432,40904,2432,40904,3064.3,1.26,51539,431.4,35.95,0.6,54603.4
sda,20,128,57248,128,57248,161.3,1.26,72132.5,582.0,48.5,0.6,72293.8
sda,8,128,49056,128,49056,161.3,1.26,61810.6,551.5,45.96,0.6,61971.8
sda,8,128,65856,128,65856,161.3,1.26,82978.6,290.3,24.19,0.6,83139.8
sda,7,128,56448,128,56448,161.3,1.26,71124.5,296.2,24.68,0.6,71285.8
sda,75,7616,9128,7616,9128,9596.2,1.26,11501.3,409.2,34.1,0.6,21097.4
sda,63,3924,33504,3924,33504,4944.2,1.26,42215,334.7,27.89,0.6,47159.3
sda,17,128,58016,128,58016,161.3,1.26,73100.2,289.6,24.13,0.6,73261.4
sda,8,0,70240,0,70240,0,1.26,88502.4,294.0,24.5,0.6,88502.4
sda,7,128,56672,128,56672,161.3,1.26,71406.7,300.0,25,0.6,71568
sda,14,1004,43812,1004,43812,1265,1.26,55203.1,435.0,36.25,0.6,56468.2
sda,44,1212,65536,1212,65536,1527.1,1.26,82575.4,798.0,66.5,0.6,84102.5
sda,11,304,52004,304,52004,383,1.26,65525,829.2,69.1,0.6,65908.1
sda,9,0,60048,0,60048,0,1.26,75660.5,877.2,73.1,0.6,75660.5
sda,9,0,71692,0,71692,0,1.26,90331.9,867.0,72.25,0.6,90331.9
sda,141,16732,13324,16732,13324,21082.3,1.26,16788.2,609.1,50.76,0.6,37870.6
sda,50,640,41484,640,41484,806.4,1.26,52269.8,604.4,50.37,0.6,53076.2
sda,15,0,67872,0,67872,0,1.26,85518.7,840.4,70.03,0.6,85518.7
sda,7,0,66528,0,66528,0,1.26,83825.3,815.0,67.92,0.6,83825.3
sda,7,256,57792,256,57792,322.6,1.26,72817.9,863.6,71.97,0.6,73140.5
sda,118,13440,29164,13440,29164,16934.4,1.26,36746.6,699.2,58.27,0.6,53681
sda,167,14976,34964,14976,34964,18869.8,1.26,44054.6,644.0,53.67,0.6,62924.4
sda,20,0,47968,0,47968,0,1.26,60439.7,831.0,69.25,0.6,60439.7
sda,10,0,72576,0,72576,0,1.26,91445.8,765.6,63.8,0.6,91445.8
sda,6,0,57120,0,57120,0,1.26,71971.2,865.0,72.08,0.6,71971.2
sda,9,256,57920,256,57920,322.6,1.26,72979.2,808.1,67.34,0.6,73301.8
sda,95,8320,53860,8320,53860,10483.2,1.26,67863.6,580.2,48.35,0.6,78346.8
sda,12,0,64864,0,64864,0,1.26,81728.6,574.3,47.86,0.6,81728.6
sda,7,128,51156,128,51156,161.3,1.26,64456.6,741.7,61.81,0.6,64617.8
sda,10,0,65392,0,65392,0,1.26,82393.9,866.2,72.18,0.6,82393.9
sda,106,11520,27076,11520,27076,14515.2,1.26,34115.8,758.4,63.2,0.6,48631
sda,141,13440,34904,13440,34904,16934.4,1.26,43979,600.0,50,0.6,60913.4
sda,15,256,56000,256,56000,322.6,1.26,70560,824.3,68.69,0.6,70882.6
sda,7,0,61376,0,61376,0,1.26,77333.8,836.4,69.7,0.6,77333.8
sda,7,0,66208,0,66208,0,1.26,83422.1,878.2,73.18,0.6,83422.1
sda,42,4608,43984,4608,43984,5806.1,1.26,55419.8,769.9,64.16,0.6,61225.9
sda,55,2176,60304,2176,60304,2741.8,1.26,75983,868.1,72.34,0.6,78724.8
sda,10,0,55104,0,55104,0,1.26,69431,773.8,64.48,0.6,69431
sda,7,0,65856,0,65856,0,1.26,82978.6,756.5,63.04,0.6,82978.6
sda,6,256,47040,256,47040,322.6,1.26,59270.4,875.8,72.98,0.6,59593
sda,133,16384,33996,16384,33996,20643.8,1.26,42835,717.0,59.75,0.6,63478.8
sda,54,3072,57344,3072,57344,3870.7,1.26,72253.4,798.0,66.5,0.6,76124.2
sda,8,0,57216,0,57216,0,1.26,72092.2,874.9,72.91,0.6,72092.2
sda,9,128,66028,128,66028,161.3,1.26,83195.3,866.5,72.21,0.6,83356.6
sda,6,0,55488,0,55488,0,1.26,69914.9,874.3,72.86,0.6,69914.9
sda,117,13440,26716,13440,26716,16934.4,1.26,33662.2,781.1,65.09,0.6,50596.6
sda,156,16896,34840,16896,34840,21289,1.26,43898.4,715.1,59.59,0.6,65187.4
sda,22,0,51456,0,51456,0,1.26,64834.6,858.0,71.5,0.6,64834.6
sda,10,0,73920,0,73920,0,1.26,93139.2,869.6,72.47,0.6,93139.2
sda,6,0,56448,0,56448,0,1.26,71124.5,865.3,72.11,0.6,71124.5
sda,10,256,62016,256,62016,322.6,1.26,78140.2,760.1,63.34,0.6,78462.7
sda,87,8320,36804,8320,36804,10483.2,1.26,46373,730.9,60.91,0.6,56856.2
sda,16,0,72384,0,72384,0,1.26,91203.8,834.2,69.52,0.6,91203.8
sda,8,128,52376,128,52376,161.3,1.26,65993.8,857.5,71.46,0.6,66155
sda,10,0,73280,0,73280,0,1.26,92332.8,830.0,69.17,0.6,92332.8
sda,124,12032,28028,12032,28028,15160.3,1.26,35315.3,734.5,61.21,0.6,50475.6
sda,109,10240,18552,10240,18552,12902.4,1.26,23375.5,636.6,53.05,0.6,36277.9
sda,29,0,53340,0,53340,0,1.26,67208.4,587.6,48.97,0.6,67208.4
sda,9,0,65536,0,65536,0,1.26,82575.4,590.8,49.23,0.6,82575.4
sda,9,256,57352,256,57352,322.6,1.26,72263.5,583.2,48.6,0.6,72586.1
sda,11,0,64576,0,64576,0,1.26,81365.8,581.8,48.48,0.6,81365.8
sda,28,256,53188,256,53188,322.6,1.26,67016.9,682.2,56.85,0.6,67339.4
sda,47.52,1616.83,53798.02,6532,217344,2037.2,1.26,67785.5,440.6,36.72,0.6,69822.7
sda,27,256,44996,256,44996,322.6,1.26,56695,615.4,51.28,0.6,57017.5
sda,13,0,69696,0,69696,0,1.26,87817,590.9,49.24,0.6,87817
sda,7,0,66880,0,66880,0,1.26,84268.8,584.9,48.74,0.6,84268.8
sda,8,256,47812,256,47812,322.6,1.26,60243.1,691.3,57.61,0.6,60565.7
sda,22,0,68772,0,68772,0,1.26,86652.7,879.6,73.3,0.6,86652.7
sda,22,0,53312,0,53312,0,1.26,67173.1,586.4,48.87,0.6,67173.1
sda,45,0,70528,0,70528,0,1.26,88865.3,582.0,48.5,0.6,88865.3
sda,28,256,49728,256,49728,322.6,1.26,62657.3,582.0,48.5,0.6,62979.8
sda,42,256,52608,256,52608,322.6,1.26,66286.1,648.7,54.06,0.6,66608.6
sda,345,22656,20656,22656,20656,28546.6,1.26,26026.6,587.9,48.99,0.6,54573.1
sda,183,0,43200,0,43200,0,1.26,54432,592.3,49.36,0.6,54432
sda,56,256,34112,256,34112,322.6,1.26,42981.1,592.4,49.37,0.6,43303.7
sda,49,0,47168,0,47168,0,1.26,59431.7,446.3,37.19,0.6,59431.7
sda,33,0,57088,0,57088,0,1.26,71930.9,301.6,25.13,0.6,71930.9
sda,32,0,54464,0,54464,0,1.26,68624.6,293.3,24.44,0.6,68624.6
sda,110.92,2329.38,36465.23,17284,270572,2935,1.26,45946.2,430.9,35.91,0.6,48881.2
sda,23,256,42176,256,42176,322.6,1.26,53141.8,590.8,49.23,0.6,53464.3
sda,13,0,64192,0,64192,0,1.26,80881.9,790.0,65.83,0.6,80881.9
sda,7,0,65536,0,65536,0,1.26,82575.4,860.5,71.71,0.6,82575.4
sda,11,0,48532,0,48532,0,1.26,61150.3,887.0,73.92,0.6,61150.3
sda,15,256,54528,256,54528,322.6,1.26,68705.3,833.3,69.44,0.6,69027.8
sda,42.39,1090.47,55987.83,5376,276020,1374,1.26,70544.7,572.0,47.67,0.6,71918.7
sda,16,0,59424,0,59424,0,1.26,74874.2,584.9,48.74,0.6,74874.2
sda,10.82,167.87,60002.62,512,183008,211.5,1.26,75603.3,548.4,45.7,0.6,75814.8
sda,26,0,66144,0,66144,0,1.26,83341.4,587.8,48.98,0.6,83341.4
sda,31,256,50624,256,50624,322.6,1.26,63786.2,511.7,42.64,0.6,64108.8
sda,96.69,8137.75,45299.34,24576,136804,10253.6,1.26,57077.2,487.3,40.61,0.6,67330.7
sda,83,1412,55232,1412,55232,1779.1,1.26,69592.3,584.6,48.72,0.6,71371.4
sda,36,384,45120,384,45120,483.8,1.26,56851.2,622.6,51.88,0.6,57335
sda,23,128,49832,128,49832,161.3,1.26,62788.3,580.6,48.38,0.6,62949.6
sda,18,132,60032,132,60032,166.3,1.26,75640.3,576.1,48.01,0.6,75806.6
sda,9,128,52640,128,52640,161.3,1.26,66326.4,580.7,48.39,0.6,66487.7
sda,10.93,167.2,54718.97,520,170176,210.7,1.26,68945.9,611.3,50.94,0.6,69156.6
sda,7,0,60832,0,60832,0,1.26,76648.3,879.6,73.3,0.6,76648.3
sda,98,6148,51376,6148,51376,7746.5,1.26,64733.8,772.9,64.41,0.6,72480.2
sda,32,256,32512,256,32512,322.6,1.26,40965.1,589.2,49.1,0.6,41287.7
sda,36,256,51968,256,51968,322.6,1.26,65479.7,615.1,51.26,0.6,65802.2
sda,23,256,52512,256,52512,322.6,1.26,66165.1,580.3,48.36,0.6,66487.7
sda,17,128,60772,128,60772,161.3,1.26,76572.7,574.8,47.9,0.6,76734
sda,10,0,67488,0,67488,0,1.26,85034.9,583.4,48.62,0.6,85034.9
sda,8,128,44388,128,44388,161.3,1.26,55928.9,294.7,24.56,0.6,56090.2
sda,7,0,63840,0,63840,0,1.26,80438.4,297.7,24.81,0.6,80438.4
sda,7,128,56448,128,56448,161.3,1.26,71124.5,295.6,24.63,0.6,71285.8
sda,7,0,58720,0,58720,0,1.26,73987.2,376.9,31.41,0.6,73987.2
sda,237,21632,28800,21632,28800,27256.3,1.26,36288,618.1,51.51,0.6,63544.3
sda,73,640,19712,640,19712,806.4,1.26,24837.1,639.6,53.3,0.6,25643.5
sda,65,0,19968,0,19968,0,1.26,25159.7,521.6,43.47,0.6,25159.7
sda,81,512,44556,512,44556,645.1,1.26,56140.6,589.2,49.1,0.6,56785.7
sda,95,0,25856,0,25856,0,1.26,32578.6,784.9,65.41,0.6,32578.6
sda,19,0,67360,0,67360,0,1.26,84873.6,753.0,62.75,0.6,84873.6
sda,45.1,2061.49,48804.69,14080,333336,2597.5,1.26,61493.9,338.3,28.19,0.6,64091.4
sda,185,16128,42548,16128,42548,20321.3,1.26,53610.5,630.5,52.54,0.6,73931.8
sda,27,0,40576,0,40576,0,1.26,51125.8,794.9,66.24,0.6,51125.8
sda,22,256,62112,256,62112,322.6,1.26,78261.1,687.5,57.29,0.6,78583.7
sda,12,0,61440,0,61440,0,1.26,77414.4,590.9,49.24,0.6,77414.4
sda,10,0,56736,0,56736,0,1.26,71487.4,585.0,48.75,0.6,71487.4
sda,9,0,57728,0,57728,0,1.26,72737.3,587.9,48.99,0.6,72737.3
sda,13.02,81.27,59754.92,256,188228,102.4,1.26,75291.2,290.2,24.18,0.6,75393.6
sda,86,5504,35852,5504,35852,6935,1.26,45173.5,512.0,42.67,0.6,52108.6
sda,52,512,59384,512,59384,645.1,1.26,74823.8,549.1,45.76,0.6,75469
sda,22.26,96.6,59473.21,256,157604,121.7,1.26,74936.2,398.5,33.21,0.6,75058
sda,17,256,49412,256,49412,322.6,1.26,62259.1,584.8,48.73,0.6,62581.7
sda,8,0,62208,0,62208,0,1.26,78382.1,578.9,48.24,0.6,78382.1
sda,7,0,63840,0,63840,0,1.26,80438.4,580.6,48.38,0.6,80438.4
sda,7,256,53760,256,53760,322.6,1.26,67737.6,579.0,48.25,0.6,68060.2
sda,8,0,57776,0,57776,0,1.26,72797.8,584.8,48.73,0.6,72797.8
sda,254,26624,15216,26624,15216,33546.2,1.26,19172.2,654.2,54.52,0.6,52718.4
sda,51,1544,30088,1544,30088,1945.4,1.26,37910.9,583.3,48.61,0.6,39856.3
sda,35,4,53312,4,53312,5,1.26,67173.1,580.6,48.38,0.6,67178.2
sda,20,256,47744,256,47744,322.6,1.26,60157.4,769.9,64.16,0.6,60480
sda,19,260,51232,260,51232,327.6,1.26,64552.3,867.0,72.25,0.6,64879.9
sda,14,516,48480,516,48480,650.2,1.26,61084.8,877.2,73.1,0.6,61735
sda,10.53,248.8,51948.33,520,108572,313.5,1.26,65454.9,451.8,37.65,0.6,65768.4
sda,12,264,55772,264,55772,332.6,1.26,70272.7,577.3,48.11,0.6,70605.4
sda,38,260,52740,260,52740,327.6,1.26,66452.4,866.2,72.18,0.6,66780
sda,12,128,61504,128,61504,161.3,1.26,77495,848.5,70.71,0.6,77656.3
sda,102,5504,40136,5504,40136,6935,1.26,50571.4,590.9,49.24,0.6,57506.4
sda,37,256,54528,256,54528,322.6,1.26,68705.3,593.9,49.49,0.6,69027.8
sda,17,256,41088,256,41088,322.6,1.26,51770.9,810.1,67.51,0.6,52093.4
sda,16,0,54112,0,54112,0,1.26,68181.1,878.8,73.23,0.6,68181.1
sda,12,0,56000,0,56000,0,1.26,70560,872.2,72.68,0.6,70560
sda,13,0,57360,0,57360,0,1.26,72273.6,583.3,48.61,0.6,72273.6
sda,8,256,60320,256,60320,322.6,1.26,76003.2,580.4,48.37,0.6,76325.8
sda,6.93,0,54368.32,0,54912,0,1.26,68504.1,590.9,49.24,0.6,68504.1
sda,7,0,56800,0,56800,0,1.26,71568,546.6,45.55,0.6,71568
sda,27,2176,49220,2176,49220,2741.8,1.26,62017.2,593.9,49.49,0.6,64759
sda,200,16384,28716,16384,28716,20643.8,1.26,36182.2,509.0,42.42,0.6,56826
sda,39,256,19456,256,19456,322.6,1.26,24514.6,391.9,32.66,0.6,24837.1
sda,55,256,38912,256,38912,322.6,1.26,49029.1,548.5,45.71,0.6,49351.7
sda,41,0,44288,0,44288,0,1.26,55802.9,584.9,48.74,0.6,55802.9
sda,24,0,50888,0,50888,0,1.26,64118.9,586.3,48.86,0.6,64118.9
sda,57.44,2534.81,42115.13,20608,342396,3193.9,1.26,53065.1,454.0,37.83,0.6,56258.9
sda,130,9728,42624,9728,42624,12257.3,1.26,53706.2,613.9,51.16,0.6,65963.5
sda,39,0,55456,0,55456,0,1.26,69874.6,732.8,61.07,0.6,69874.6
sda,18.81,0,47461.39,0,47936,0,1.26,59801.4,869.2,72.43,0.6,59801.4
sda,14,256,52384,256,52384,322.6,1.26,66003.8,886.3,73.86,0.6,66326.4
sda,12,0,67552,0,67552,0,1.26,85115.5,878.8,73.23,0.6,85115.5
sda,8,0,55584,0,55584,0,1.26,70035.8,867.8,72.32,0.6,70035.8
sda,30.91,1356.29,53612.36,6144,242864,1708.9,1.26,67551.6,583.7,48.64,0.6,69260.5
sda,39,384,47824,384,47824,483.8,1.26,60258.2,648.7,54.06,0.6,60742.1
sda,15.01,59.12,51912.24,256,224780,74.5,1.26,65409.4,568.7,47.39,0.6,65483.9
sda,10,0,69080,0,69080,0,1.26,87040.8,481.2,40.1,0.6,87040.8
sda,74.15,7563.64,40647.73,26624,143080,9530.2,1.26,51216.1,412.6,34.38,0.6,60746.3
sda,64,772,45688,772,45688,972.7,1.26,57566.9,578.9,48.24,0.6,58539.6
sda,32,256,49828,256,49828,322.6,1.26,62783.3,586.2,48.85,0.6,63105.8
sda,18,128,52640,128,52640,161.3,1.26,66326.4,577.4,48.12,0.6,66487.7
sda,17,128,62052,128,62052,161.3,1.26,78185.5,583.6,48.63,0.6,78346.8
sda,12,260,47816,260,47816,327.6,1.26,60248.2,575.9,47.99,0.6,60575.8
sda,9.97,178.69,59826.8,520,174096,225.1,1.26,75381.8,289.6,24.13,0.6,75606.9
sda,7,0,65536,0,65536,0,1.26,82575.4,586.2,48.85,0.6,82575.4
sda,93,5632,37960,5632,37960,7096.3,1.26,47829.6,581.8,48.48,0.6,54925.9
sda,38,256,39072,256,39072,322.6,1.26,49230.7,592.3,49.36,0.6,49553.3
sda,32,256,51840,256,51840,322.6,1.26,65318.4,653.2,54.43,0.6,65641
sda,21,0,68640,0,68640,0,1.26,86486.4,871.1,72.59,0.6,86486.4
sda,12,0,65664,0,65664,0,1.26,82736.6,859.3,71.61,0.6,82736.6
sda,8,256,48480,256,48480,322.6,1.26,61084.8,867.8,72.32,0.6,61407.4
sda,7,0,64224,0,64224,0,1.26,80922.2,576.1,48.01,0.6,80922.2
sda,7,0,65856,0,65856,0,1.26,82978.6,584.9,48.74,0.6,82978.6
sda,7,0,63168,0,63168,0,1.26,79591.7,459.5,38.29,0.6,79591.7
sda,36,2816,46664,2816,46664,3548.2,1.26,58796.6,409.1,34.09,0.6,62344.8
sda,200,18688,27212,18688,27212,23546.9,1.26,34287.1,604.6,50.38,0.6,57834
sda,35,256,29696,256,29696,322.6,1.26,37417,750.4,62.53,0.6,37739.5
sda,29,256,39936,256,39936,322.6,1.26,50319.4,619.8,51.65,0.6,50641.9
sda,23,128,56320,128,56320,161.3,1.26,70963.2,587.8,48.98,0.6,71124.5
sda,13,0,67072,0,67072,0,1.26,84510.7,577.6,48.13,0.6,84510.7
sda,9,0,58880,0,58880,0,1.26,74188.8,589.4,49.12,0.6,74188.8
sda,73.43,5527.27,46272.73,31616,264680,6964.4,1.26,58303.6,527.2,43.93,0.6,65268
sda,41,128,47808,128,47808,161.3,1.26,60238.1,586.2,48.85,0.6,60399.4
sda,25,256,46464,256,46464,322.6,1.26,58544.6,580.6,48.38,0.6,58867.2
sda,21,0,69696,0,69696,0,1.26,87817,581.9,48.49,0.6,87817
sda,11,256,61248,256,61248,322.6,1.26,77172.5,576.1,48.01,0.6,77495
sda,6,0,39744,0,39744,0,1.26,50077.4,585.0,48.75,0.6,50077.4
sda,29.36,1525.11,59276.6,7168,278600,1921.6,1.26,74688.5,585.8,48.82,0.6,76610.2
sda,35,384,50496,384,50496,483.8,1.26,63625,382.8,31.9,0.6,64108.8
sda,15.06,72.73,58156.82,256,204712,91.6,1.26,73277.6,178.3,14.86,0.6,73369.2
sda,7,0,64320,0,64320,0,1.26,81043.2,867.5,72.29,0.6,81043.2
sda,7,256,54684,256,54684,322.6,1.26,68901.8,589.3,49.11,0.6,69224.4
sda,9,0,67048,0,67048,0,1.26,84480.5,590.9,49.24,0.6,84480.5
sda,49,3968,45108,3968,45108,4999.7,1.26,56836.1,669.7,55.81,0.6,61835.8
sda,220,20736,24064,20736,24064,26127.4,1.26,30320.6,597.0,49.75,0.6,56448
sda,41,516,43780,516,43780,650.2,1.26,55162.8,586.2,48.85,0.6,55813
sda,28,0,69568,0,69568,0,1.26,87655.7,582.0,48.5,0.6,87655.7
sda,18,260,51304,260,51304,327.6,1.26,64643,586.3,48.86,0.6,64970.6
sda,9,0,60704,0,60704,0,1.26,76487,592.3,49.36,0.6,76487
sda,13,4,55340,4,55340,5,1.26,69728.4,563.8,46.98,0.6,69733.4
sda,8.58,192.54,57544.78,516,154220,242.6,1.26,72506.4,540.5,45.04,0.6,72749
sda,11,256,65712,256,65712,322.6,1.26,82797.1,606.1,50.51,0.6,83119.7
sda,112,6016,38952,6016,38952,7580.2,1.26,49079.5,574.3,47.86,0.6,56659.7
sda,34,256,51840,256,51840,322.6,1.26,65318.4,647.5,53.96,0.6,65641
sda,18,256,47136,256,47136,322.6,1.26,59391.4,556.2,46.35,0.6,59713.9
sda,17,128,56544,128,56544,161.3,1.26,71245.4,785.8,65.48,0.6,71406.7
sda,9,0,62304,0,62304,0,1.26,78503,882.6,73.55,0.6,78503
sda,11,128,53224,128,53224,161.3,1.26,67062.2,584.9,48.74,0.6,67223.5
sda,6,0,55776,0,55776,0,1.26,70277.8,774.8,64.57,0.6,70277.8
sda,9,128,57220,128,57220,161.3,1.26,72097.2,672.0,56,0.6,72258.5
sda,8,0,71904,0,71904,0,1.26,90599,593.9,49.49,0.6,90599
sda,108,12928,29780,12928,29780,16289.3,1.26,37522.8,681.4,56.78,0.6,53812.1
sda,121,9344,32340,9344,32340,11773.4,1.26,40748.4,587.8,48.98,0.6,52521.8
sda,30,256,48128,256,48128,322.6,1.26,60641.3,597.0,49.75,0.6,60963.8
sda,19,128,50176,128,50176,161.3,1.26,63221.8,469.1,39.09,0.6,63383
sda,18,128,57344,128,57344,161.3,1.26,72253.4,535.3,44.61,0.6,72414.7
sda,10,128,53188,128,53188,161.3,1.26,67016.9,589.3,49.11,0.6,67178.2
sda,11,0,70908,0,70908,0,1.26,89344.1,583.4,48.62,0.6,89344.1
sda,22,128,53484,128,53484,161.3,1.26,67389.8,665.0,55.42,0.6,67551.1
sda,8,128,54240,128,54240,161.3,1.26,68342.4,882.6,73.55,0.6,68503.7
sda,31,128,35952,128,35952,161.3,1.26,45299.5,873.8,72.82,0.6,45460.8
sda,36,256,48128,256,48128,322.6,1.26,60641.3,852.4,71.03,0.6,60963.8
sda,138,15360,20536,15360,20536,19353.6,1.26,25875.4,777.7,64.81,0.6,45229
sda,193,18560,31280,18560,31280,23385.6,1.26,39412.8,577.3,48.11,0.6,62798.4
sda,34,256,43392,256,43392,322.6,1.26,54673.9,596.9,49.74,0.6,54996.5
sda,26.73,126.73,65679.21,128,66336,159.7,1.26,82755.8,590.9,49.24,0.6,82915.5
sda,17,128,55872,128,55872,161.3,1.26,70398.7,592.3,49.36,0.6,70560
sda,10,128,44812,128,44812,161.3,1.26,56463.1,589.3,49.11,0.6,56624.4
sda,10,128,63648,128,63648,161.3,1.26,80196.5,742.4,61.87,0.6,80357.8
sda,29.5,1527.11,56772.23,7040,261720,1924.2,1.26,71533,574.7,47.89,0.6,73457.2
sda,34,256,51840,256,51840,322.6,1.26,65318.4,386.8,32.23,0.6,65641
sda,14.9,110.03,56730.09,384,197988,138.6,1.26,71479.9,115.9,9.66,0.6,71618.6
sda,7,0,63648,0,63648,0,1.26,80196.5,580.2,48.35,0.6,80196.5
sda,7,0,59232,0,59232,0,1.26,74632.3,290.2,24.18,0.6,74632.3
sda,9,0,65168,0,65168,0,1.26,82111.7,282.8,23.57,0.6,82111.7
sda,37,3712,47776,3712,47776,4677.1,1.26,60197.8,408.1,34.01,0.6,64874.9
sda,229,23168,24812,23168,24812,29191.7,1.26,31263.1,630.4,52.53,0.6,60454.8
sda,46,772,49160,772,49160,972.7,1.26,61941.6,581.9,48.49,0.6,62914.3
sda,20,260,43648,260,43648,327.6,1.26,54996.5,643.8,53.65,0.6,55324.1
sda,17,0,54656,0,54656,0,1.26,68866.6,870.0,72.5,0.6,68866.6
sda,20,772,49164,772,49164,972.7,1.26,61946.6,760.6,63.38,0.6,62919.4
sda,11,0,72928,0,72928,0,1.26,91889.3,587.9,48.99,0.6,91889.3
sda,13,520,45840,520,45840,655.2,1.26,57758.4,342.5,28.54,0.6,58413.6
sda,7,4,53312,4,53312,5,1.26,67173.1,554.5,46.21,0.6,67178.2
sda,18,820,49152,820,49152,1033.2,1.26,61931.5,492.2,41.02,0.6,62964.7
sda,7,0,65536,0,65536,0,1.26,82575.4,524.8,43.73,0.6,82575.4
sda,104,6656,43444,6656,43444,8386.6,1.26,54739.4,574.8,47.9,0.6,63126
sda,34,256,46080,256,46080,322.6,1.26,58060.8,651.2,54.27,0.6,58383.4
sda,24,0,62976,0,62976,0,1.26,79349.8,516.0,43,0.6,79349.8
sda,14,256,44448,256,44448,322.6,1.26,56004.5,561.7,46.81,0.6,56327
sda,11,0,70368,0,70368,0,1.26,88663.7,546.0,45.5,0.6,88663.7
sda,8,0,62048,0,62048,0,1.26,78180.5,482.9,40.24,0.6,78180.5
sda,48.09,1928.51,47029.79,9064,221040,2429.9,1.26,59257.5,189.7,15.81,0.6,61687.5
sda,27,256,21228,256,21228,322.6,1.26,26747.3,204.1,17.01,0.6,27069.8
sda,29,136,47816,136,47816,171.4,1.26,60248.2,172.7,14.39,0.6,60419.5
sda,18,128,52576,128,52576,161.3,1.26,66245.8,212.6,17.72,0.6,66407
sda,11,128,55296,128,55296,161.3,1.26,69673,292.4,24.37,0.6,69834.2
sda,9,0,57344,0,57344,0,1.26,72253.4,295.4,24.62,0.6,72253.4
sda,9,0,63488,0,63488,0,1.26,79994.9,290.9,24.24,0.6,79994.9
sda,30,264,57288,264,57288,332.6,1.26,72182.9,344.6,28.72,0.6,72515.5
sda,14,0,38944,0,38944,0,1.26,49069.4,96.7,8.06,0.6,49069.4
sda,7,0,59392,0,59392,0,1.26,74833.9,0.0,0,0.6,74833.9
sda,22,268,47136,268,47136,337.7,1.26,59391.4,417.0,34.75,0.6,59729
sda,98,4136,18552,4136,18552,5211.4,1.26,23375.5,495.0,41.25,0.6,28586.9
sda,312,32392,21596,32392,21596,40813.9,1.26,27211,371.8,30.98,0.6,68024.9
sda,57,256,49912,256,49912,322.6,1.26,62889.1,386.8,32.23,0.6,63211.7
sda,24,256,47148,256,47148,322.6,1.26,59406.5,594.0,49.5,0.6,59729
sda,17,0,58272,0,58272,0,1.26,73422.7,574.6,47.88,0.6,73422.7
sda,11,0,69312,0,69312,0,1.26,87333.1,577.6,48.13,0.6,87333.1
sda,14,256,59076,256,59076,322.6,1.26,74435.8,580.3,48.36,0.6,74758.3
sda,5,0,47040,0,47040,0,1.26,59270.4,300.7,25.06,0.6,59270.4
sda,7,0,60000,0,60000,0,1.26,75600,294.0,24.5,0.6,75600
sda,7,0,60448,0,60448,0,1.26,76164.5,349.0,29.08,0.6,76164.5
sda,13,768,53732,768,53732,967.7,1.26,67702.3,350.6,29.22,0.6,68670
sda,112,7168,57908,7168,57908,9031.7,1.26,72964.1,593.9,49.49,0.6,81995.8
sda,23,256,42432,256,42432,322.6,1.26,53464.3,820.1,68.34,0.6,53786.9
sda,21,0,67296,0,67296,0,1.26,84793,864.4,72.03,0.6,84793
sda,12,0,53596,0,53596,0,1.26,67531,840.6,70.05,0.6,67531
sda,11,512,54532,512,54532,645.1,1.26,68710.3,720.6,60.05,0.6,69355.4
sda,8,0,65280,0,65280,0,1.26,82252.8,881.6,73.47,0.6,82252.8
sda,6,0,52224,0,52224,0,1.26,65802.2,861.8,71.82,0.6,65802.2
sda,7,0,58560,0,58560,0,1.26,73785.6,859.7,71.64,0.6,73785.6
sda,7,0,65716,0,65716,0,1.26,82802.2,867.0,72.25,0.6,82802.2
sda,191,22656,7052,22656,7052,28546.6,1.26,8885.5,731.4,60.95,0.6,37432.1
sda,119,9472,40988,9472,40988,11934.7,1.26,51644.9,570.2,47.52,0.6,63579.6
sda,44,776,51848,776,51848,977.8,1.26,65328.5,830.3,69.19,0.6,66306.2
sda,20,260,50500,260,50500,327.6,1.26,63630,856.3,71.36,0.6,63957.6
sda,17,0,58696,0,58696,0,1.26,73957,870.8,72.57,0.6,73957
sda,13,516,49152,516,49152,650.2,1.26,61931.5,746.2,62.18,0.6,62581.7
sda,9.57,171.62,60427.72,520,183096,216.2,1.26,76138.9,582.6,48.55,0.6,76355.2
sda,6,0,57344,0,57344,0,1.26,72253.4,875.8,72.98,0.6,72253.4
sda,94,7552,55048,7552,55048,9515.5,1.26,69360.5,695.6,57.97,0.6,78876
sda,28,256,39872,256,39872,322.6,1.26,50238.7,834.8,69.57,0.6,50561.3
sda,29,256,53856,256,53856,322.6,1.26,67858.6,681.4,56.78,0.6,68181.1
sda,16,0,53184,0,53184,0,1.26,67011.8,578.8,48.23,0.6,67011.8
sda,8,0,46336,0,46336,0,1.26,58383.4,881.0,73.42,0.6,58383.4
sda,10,0,71712,0,71712,0,1.26,90357.1,869.2,72.43,0.6,90357.1
sda,54.26,5774.64,50696.05,27776,243848,7276,1.26,63877,534.5,44.54,0.6,71153.1
sda,80,2304,39004,2304,39004,2903,1.26,49145,587.8,48.98,0.6,52048.1
sda,19,0,49264,0,49264,0,1.26,62072.6,589.3,49.11,0.6,62072.6
sda,16,256,57824,256,57824,322.6,1.26,72858.2,570.2,47.52,0.6,73180.8
sda,8,0,56864,0,56864,0,1.26,71648.6,580.4,48.37,0.6,71648.6
sda,8,0,67920,0,67920,0,1.26,85579.2,581.8,48.48,0.6,85579.2
sda,25,256,53804,256,53804,322.6,1.26,67793,584.9,48.74,0.6,68115.6
sda,23,0,42320,0,42320,0,1.26,53323.2,548.8,45.73,0.6,53323.2
sda,9,0,62848,0,62848,0,1.26,79188.5,595.4,49.62,0.6,79188.5
sda,8,0,58388,0,58388,0,1.26,73568.9,554.8,46.23,0.6,73568.9
sda,96,10728,36956,10728,36956,13517.3,1.26,46564.6,362.0,30.17,0.6,60081.8
sda,178,14848,16968,14848,16968,18708.5,1.26,21379.7,336.8,28.07,0.6,40088.2
sda,66,1028,26784,1028,26784,1295.3,1.26,33747.8,306.2,25.52,0.6,35043.1
sda,37,272,50568,272,50568,342.7,1.26,63715.7,289.3,24.11,0.6,64058.4
sda,20,0,61312,0,61312,0,1.26,77253.1,289.3,24.11,0.6,77253.1
sda,12,256,45664,256,45664,322.6,1.26,57536.6,293.2,24.43,0.6,57859.2
sda,10,56,61632,56,61632,70.6,1.26,77656.3,292.4,24.37,0.6,77726.9
sda,16.11,512.59,56801.48,2768,306728,645.9,1.26,71569.9,290.3,24.19,0.6,72215.7
sda,41,256,44320,256,44320,322.6,1.26,55843.2,389.8,32.48,0.6,56165.8
sda,23,256,54792,256,54792,322.6,1.26,69037.9,613.6,51.13,0.6,69360.5
sda,16,0,61120,0,61120,0,1.26,77011.2,867.8,72.32,0.6,77011.2
sda,9,0,62304,0,62304,0,1.26,78503,878.8,73.23,0.6,78503
sda,8,0,68640,0,68640,0,1.26,86486.4,710.9,59.24,0.6,86486.4
sda,8.33,96.97,57040.91,256,150588,122.2,1.26,71871.5,694.3,57.86,0.6,71993.7
sda,10,260,50016,260,50016,327.6,1.26,63020.2,532.0,44.33,0.6,63347.8
sda,198,20608,3416,20608,3416,25966.1,1.26,4304.2,413.0,34.42,0.6,30270.2
sda,139,11392,42112,11392,42112,14353.9,1.26,53061.1,512.5,42.71,0.6,67415
sda,28,260,42432,260,42432,327.6,1.26,53464.3,380.8,31.73,0.6,53791.9
sda,21,0,64192,0,64192,0,1.26,80881.9,292.4,24.37,0.6,80881.9
sda,11,0,53860,0,53860,0,1.26,67863.6,295.4,24.62,0.6,67863.6
sda,9,4,52640,4,52640,5,1.26,66326.4,285.7,23.81,0.6,66331.4
sda,11.9,249.52,55232.15,776,171772,314.4,1.26,69592.5,663.0,55.25,0.6,69906.9
sda,8,0,70368,0,70368,0,1.26,88663.7,288.7,24.06,0.6,88663.7
sda,51,3712,40748,3712,40748,4677.1,1.26,51342.5,332.5,27.71,0.6,56019.6
sda,43,256,37660,256,37660,322.6,1.26,47451.6,526.0,43.83,0.6,47774.2
sda,22.54,90.14,59656.34,256,169424,113.6,1.26,75167,527.8,43.98,0.6,75280.6
sda,8,0,57600,0,57600,0,1.26,72576,290.8,24.23,0.6,72576
sda,8,0,62884,0,62884,0,1.26,79233.8,544.9,45.41,0.6,79233.8
sda,80.53,8031.73,50355.77,33412,209480,10120,1.26,63448.3,460.7,38.39,0.6,73568.3
sda,20,128,30752,128,30752,161.3,1.26,38747.5,593.9,49.49,0.6,38908.8
sda,15,0,55200,0,55200,0,1.26,69552,840.4,70.03,0.6,69552
sda,10,0,59488,0,59488,0,1.26,74954.9,876.6,73.05,0.6,74954.9
sda,7,0,62048,0,62048,0,1.26,78180.5,873.0,72.75,0.6,78180.5
sda,12,256,51848,256,51848,322.6,1.26,65328.5,766.1,63.84,0.6,65651
sda,63.99,5836.4,50520.55,29824,258160,7353.9,1.26,63655.9,357.4,29.78,0.6,71009.8
sda,175,16896,28732,16896,28732,21289,1.26,36202.3,621.5,51.79,0.6,57491.3
sda,38,384,57344,384,57344,483.8,1.26,72253.4,630.5,52.54,0.6,72737.3
sda,17,0,50496,0,50496,0,1.26,63625,880.4,73.37,0.6,63625
sda,26,0,75880,0,75880,0,1.26,95608.8,875.2,72.93,0.6,95608.8
sda,7,256,45408,256,45408,322.6,1.26,57214.1,881.8,73.48,0.6,57536.6
sda,7,0,54912,0,54912,0,1.26,69189.1,639.0,53.25,0.6,69189.1
sda,33.72,2262.33,57338.6,9728,246556,2850.5,1.26,72246.6,380.5,31.71,0.6,75097.2
sda,35,256,52512,256,52512,322.6,1.26,66165.1,586.4,48.87,0.6,66487.7
sda,15.69,83.66,62287.58,256,190600,105.4,1.26,78482.4,364.4,30.37,0.6,78587.8
sda,7,0,62592,0,62592,0,1.26,78865.9,584.8,48.73,0.6,78865.9
sda,10,0,61632,0,61632,0,1.26,77656.3,580.4,48.37,0.6,77656.3
sda,75.63,8141.77,40918.99,25728,129304,10258.6,1.26,51557.9,399.4,33.28,0.6,61816.6
sda,121,9088,51200,9088,51200,11450.9,1.26,64512,583.3,48.61,0.6,75962.9
sda,27,260,49824,260,49824,327.6,1.26,62778.2,590.9,49.24,0.6,63105.8
sda,19,0,54664,0,54664,0,1.26,68876.6,586.3,48.86,0.6,68876.6
sda,12,0,70240,0,70240,0,1.26,88502.4,574.4,47.87,0.6,88502.4
sda,20,1292,44452,1292,44452,1627.9,1.26,56009.5,606.0,50.5,0.6,57637.4
sda,9.09,216.84,55861.28,644,165908,273.2,1.26,70385.2,750.8,62.57,0.6,70658.4
sda,8,0,74400,0,74400,0,1.26,93744,872.2,72.68,0.6,93744
sda,88,7040,38356,7040,38356,8870.4,1.26,48328.6,647.0,53.92,0.6,57199
sda,33,256,53856,256,53856,322.6,1.26,67858.6,842.8,70.23,0.6,68181.1
sda,16,0,49152,0,49152,0,1.26,61931.5,589.3,49.11,0.6,61931.5
sda,22,0,68828,0,68828,0,1.26,86723.3,581.8,48.48,0.6,86723.3
sda,8,0,50080,0,50080,0,1.26,63100.8,579.1,48.26,0.6,63100.8
sda,8,256,61376,256,61376,322.6,1.26,77333.8,524.3,43.69,0.6,77656.3
sda,70.62,7843.28,51775.85,34432,227296,9882.5,1.26,65237.6,586.0,48.83,0.6,75120.1
sda,23,256,49152,256,49152,322.6,1.26,61931.5,613.8,51.15,0.6,62254.1
sda,10.89,0,55318.81,0,55872,0,1.26,69701.7,715.1,59.59,0.6,69701.7
sda,8,0,63652,0,63652,0,1.26,80201.5,875.8,72.98,0.6,80201.5
sda,10,256,49156,256,49156,322.6,1.26,61936.6,873.6,72.8,0.6,62259.1
sda,11,0,75072,0,75072,0,1.26,94590.7,877.9,73.16,0.6,94590.7
sda,40,0,50496,0,50496,0,1.26,63625,616.7,51.39,0.6,63625
sda,19,0,57216,0,57216,0,1.26,72092.2,589.3,49.11,0.6,72092.2
sda,10,0,54784,0,54784,0,1.26,69027.8,583.3,48.61,0.6,69027.8
sda,9,256,60072,256,60072,322.6,1.26,75690.7,581.9,48.49,0.6,76013.3
sda,267,31232,21924,31232,21924,39352.3,1.26,27624.2,687.5,57.29,0.6,66976.6
sda,160,17664,25140,17664,25140,22256.6,1.26,31676.4,607.7,50.64,0.6,53933
sda,40,256,60936,256,60936,322.6,1.26,76779.4,676.6,56.38,0.6,77101.9
sda,14,256,45120,256,45120,322.6,1.26,56851.2,587.9,48.99,0.6,57173.8
sda,14,0,68640,0,68640,0,1.26,86486.4,577.6,48.13,0.6,86486.4
sda,25,256,47396,256,47396,322.6,1.26,59719,586.4,48.87,0.6,60041.5
sda,8,0,71392,0,71392,0,1.26,89953.9,666.7,55.56,0.6,89953.9
sda,6,0,56672,0,56672,0,1.26,71406.7,584.8,48.73,0.6,71406.7
sda,7,0,64512,0,64512,0,1.26,81285.1,579.1,48.26,0.6,81285.1
sda,7,0,65124,0,65124,0,1.26,82056.2,580.2,48.35,0.6,82056.2
sda,71,2788,44508,2788,44508,3512.9,1.26,56080.1,682.7,56.89,0.6,59593
sda,44,264,51356,264,51356,332.6,1.26,64708.6,593.8,49.48,0.6,65041.2
sda,17,256,42560,256,42560,322.6,1.26,53625.6,18.1,1.51,0.6,53948.2
sda,13.12,130.69,56583.17,528,228596,164.7,1.26,71294.8,142.8,11.9,0.6,71459.5
sda,54.59,4505.1,46235.71,17660,181244,5676.4,1.26,58257,556.2,46.35,0.6,63933.4
sda,424,52912,0,52912,0,66669.1,1.26,0,872.8,72.73,0.6,66669.1
sda,517,66176,0,66176,0,83381.8,1.26,0,887.0,73.92,0.6,83381.8
sda,515,65920,0,65920,0,83059.2,1.26,0,887.0,73.92,0.6,83059.2
sda,516,66048,0,66048,0,83220.5,1.26,0,885.6,73.8,0.6,83220.5
sda,492,62976,76,62976,76,79349.8,1.26,95.8,881.2,73.43,0.6,79445.5
sda,517,66176,0,66176,0,83381.8,1.26,0,867.8,72.32,0.6,83381.8
sda,514,65792,0,65792,0,82897.9,1.26,0,887.0,73.92,0.6,82897.9
sda,516,66048,0,66048,0,83220.5,1.26,0,884.2,73.68,0.6,83220.5
sda,516,66048,0,66048,0,83220.5,1.26,0,890.9,74.24,0.6,83220.5
sda,488,59392,2648,59392,2648,74833.9,1.26,3336.5,850.7,70.89,0.6,78170.4
sda,525,65920,2176,65920,2176,83059.2,1.26,2741.8,873.6,72.8,0.6,85801
sda,526,66176,1832,66176,1832,83381.8,1.26,2308.3,871.3,72.61,0.6,85690.1
sda,523,65920,1476,65920,1476,83059.2,1.26,1859.8,870.5,72.54,0.6,84919
sda,367,44800,7996,44800,7996,56448,1.26,10075,873.2,72.77,0.6,66523
sda,318,36096,22000,36096,22000,45481,1.26,27720,877.2,73.1,0.6,73201
sda,451,57728,12,57728,12,72737.3,1.26,15.1,837.6,69.8,0.6,72752.4
sda,517,66176,0,66176,0,83381.8,1.26,0,866.2,72.18,0.6,83381.8
sda,513,65664,0,65664,0,82736.6,1.26,0,885.5,73.79,0.6,82736.6
sda,517,66176,0,66176,0,83381.8,1.26,0,864.8,72.07,0.6,83381.8
sda,515,65920,0,65920,0,83059.2,1.26,0,871.9,72.66,0.6,83059.2
sda,499,63104,2692,63104,2692,79511,1.26,3391.9,858.0,71.5,0.6,82903
sda,496,63488,0,63488,0,79994.9,1.26,0,878.2,73.18,0.6,79994.9
sda,516,65024,5272,65024,5272,81930.2,1.26,6642.7,875.8,72.98,0.6,88573
sda,452,57828,0,57828,0,72863.3,1.26,0,889.4,74.12,0.6,72863.3
sda,0,0,0,0,0,0,1.26,0,1175.8,97.98,0.6,0
sda,10,0,432,0,432,0,1.26,544.3,1145.6,95.47,0.6,544.3
sda,0,0,0,0,0,0,1.26,0,1158.1,96.51,0.6,0
sda,0,0,0,0,0,0,1.26,0,1158.0,96.5,0.6,0
sda,0,0,0,0,0,0,1.26,0,1161.0,96.75,0.6,0
sda,0,0,0,0,0,0,1.26,0,1166.9,97.24,0.6,0
sda,33,0,344,0,344,0,1.26,433.4,1148.8,95.73,0.6,433.4
sda,0,0,0,0,0,0,1.26,0,1157.9,96.49,0.6,0
sda,0,0,0,0,0,0,1.26,0,1181.6,98.47,0.6,0
sda,0,0,0,0,0,0,1.26,0,1190.9,99.24,0.6,0
sda,0,0,0,0,0,0,1.26,0,1160.9,96.74,0.6,0
sda,2,0,12,0,12,0,1.26,15.1,1146.2,95.52,0.6,15.1
sda,0,0,0,0,0,0,1.26,0,1181.8,98.48,0.6,0
sda,0,0,0,0,0,0,1.26,0,1160.8,96.73,0.6,0
